Workbook

Sheet Run_Plan
A1: Run Number | B1: R6-C1-S1
A2: Run Objective | F2: What's New in V1.2 ? : • Automatic GC injection time check is implemented • Automatic outlier highlighting for GC data
A3: Run Start Date | B3: 45425.583
A4: Lab Notebook Reference
A6: Catalyst Loading Plan - Proposed and Actual Weights of Catalysts
A7: Physical Form Loaded | B7: Crushed and sieved, 355-212 microns
B8: R1 | C8: Weight Loaded [mg] | E8: Actual Volume [mL] | F8: R2 | G8: Weight Loaded [mg] | I8: Actual Volume [mL] | J8: R3 | K8: Weight Loaded [mg] | M8: Actual Volume [mL] | N8: R4 | O8: Weight Loaded [mg] | Q8: Actual Volume [mL]
B9: Catalyst ID | C9: Target | D9: Actual | F9: Catalyst ID | G9: Target | H9: Actual | J9: Catalyst ID | K9: Target | L9: Actual | N9: Catalyst ID | O9: Target | P9: Actual
A10: Top Bed | B10: Ni2CBV-3014 | C10: 1767 | D10: 1768 | E10: 3 | F10: Ni5CBV-3014 | G10: 1875 | H10: 1876 | I10: 3 | N10: Cu5CBV500 | O10: 1677 | P10: 1677 | Q10: 3
A11: Middle Bed
A12: Bottom Bed
A13: Total weight or volume | C13: =SUM(C10:C12) -> 1767 | D13: =SUM(D10:D12) -> 1768 | E13: =SUM(E10:E12) -> 3 | G13: =SUM(G10:G12) -> 1875 | H13: =SUM(H10:H12) -> 1876 | I13: =SUM(I10:I12) -> 3 | K13: =SUM(K10:K12) -> 0 | L13: =SUM(L10:L12) -> 0 | M13: =SUM(M10:M12) -> 0 | O13: =SUM(O10:O12) -> 1677 | P13: =SUM(P10:P12) -> 1677 | Q13: =SUM(Q10:Q12) -> 3
A14: Condensed Cat Description | B14: =IF(OR(B12="", B12="-"), IF(OR(B11="", B11="-"), IF(B10="", "", CONCATENATE(B8, " Catalyst ", B10)), CONCATENATE(B8, " Catalyst ",B10, " / ", B11)),CONCATENATE(B8, " Catalyst ",B10, " / ", B11, " / ", B12)) -> R1 Catalyst Ni2CBV-3014 | F14: =IF(OR(F12="", F12="-"), IF(OR(F11="", F11="-"), IF(F10="", "", CONCATENATE(F8, " Catalyst ", F10)), CONCATENATE(F8, " Catalyst ",F10, " / ", F11)),CONCATENATE(F8, " Catalyst ",F10, " / ", F11, " / ", F12)) -> R2 Catalyst Ni5CBV-3014 | J14: =IF(OR(J12="", J12="-"), IF(OR(J11="", J11="-"), IF(J10="", "", CONCATENATE(J8, " Catalyst ", J10)), CONCATENATE(J8, " Catalyst ",J10, " / ", J11)),CONCATENATE(J8, " Catalyst ",J10, " / ", J11, " / ", J12)) | N14: =IF(OR(N12="", N12="-"), IF(OR(N11="", N11="-"), IF(N10="", "", CONCATENATE(N8, " Catalyst ", N10)), CONCATENATE(N8, " Catalyst ",N10, " / ", N11)),CONCATENATE(N8, " Catalyst ",N10, " / ", N11, " / ", N12)) -> R4 Catalyst Cu5CBV500
B15: R5 | C15: Weight Loaded [mg] | E15: Actual Volume [mL] | F15: R6 | G15: Weight Loaded [mg] | I15: Actual Volume [mL] | J15: R7 | K15: Weight Loaded [mg] | M15: Actual Volume [mL] | N15: R8 | O15: Weight Loaded [mg] | Q15: Actual Volume [mL]
B16: Catalyst ID | C16: Target | D16: Actual | F16: Catalyst ID | G16: Target | H16: Actual | J16: Catalyst ID | K16: Target | L16: Actual | N16: Catalyst ID | O16: Target | P16: Actual
A17: Top Bed | B17: alpha-Alumina | C17: 3825.6 | F17: Cu5CBV720 | G17: 1410 | H17: 1411 | I17: 3 | J17: Ni2CBV-3014 | K17: 1767 | L17: 1771 | M17: 3 | N17: Ni5CBV500 | O17: 1710 | P17: 1713 | Q17: 3
A18: Middle Bed
A19: Bottom Bed
A20: Total weight [mg] | C20: =SUM(C17:C19) -> 3825.6 | D20: =SUM(D17:D19) -> 0 | E20: =SUM(E17:E19) -> 0 | G20: =SUM(G17:G19) -> 1410 | H20: =SUM(H17:H19) -> 1411 | I20: =SUM(I17:I19) -> 3 | K20: =SUM(K17:K19) -> 1767 | L20: =SUM(L17:L19) -> 1771 | M20: =SUM(M17:M19) -> 3 | O20: =SUM(O17:O19) -> 1710 | P20: =SUM(P17:P19) -> 1713 | Q20: =SUM(Q17:Q19) -> 3
A21: Condensed Cat Description | B21: =IF(OR(B19="", B19="-"), IF(OR(B18="", B18="-"), IF(B17="", "", CONCATENATE(B15, " Catalyst ", B17)), CONCATENATE(B15, " Catalyst ",B17, " / ", B18)),CONCATENATE(B15, " Catalyst ",B17, " / ", B18, " / ", B19)) -> R5 Catalyst alpha-Alumina | F21: =IF(OR(F19="", F19="-"), IF(OR(F18="", F18="-"), IF(F17="", "", CONCATENATE(F15, " Catalyst ", F17)), CONCATENATE(F15, " Catalyst ",F17, " / ", F18)),CONCATENATE(F15, " Catalyst ",F17, " / ", F18, " / ", F19)) -> R6 Catalyst Cu5CBV720 | J21: =IF(OR(J19="", J19="-"), IF(OR(J18="", J18="-"), IF(J17="", "", CONCATENATE(J15, " Catalyst ", J17)), CONCATENATE(J15, " Catalyst ",J17, " / ", J18)),CONCATENATE(J15, " Catalyst ",J17, " / ", J18, " / ", J19)) -> R7 Catalyst Ni2CBV-3014 | N21: =IF(OR(N19="", N19="-"), IF(OR(N18="", N18="-"), IF(N17="", "", CONCATENATE(N15, " Catalyst ", N17)), CONCATENATE(N15, " Catalyst ",N17, " / ", N18)),CONCATENATE(N15, " Catalyst ",N17, " / ", N18, " / ", N19)) -> R8 Catalyst Ni5CBV500
A23: Target Feed Gas Composition | N23: Vacuum Criteria Checked and Met? | O23: Yes | P23: No
A24: Gas | B24: Hydrogen | C24: Ethylene | D24: Methane | E24: Ethane | F24: Nitrogen | G24: CO2 | H24: CO | I24: Argon | J24: Mixed gas | K24: Total mol% | L24: Total Flow | M24: Gas Density | O24: Hydrogen | P24: Argon | Q24: Methane | R24: CO | S24: CO2 | T24: Ethane | U24: Ethylene | V24: Nitrogen | W24: Mixed gas | X24: Total
A25: Used for GoR or GHSV Calc? | I25: Yes | J25: Yes | L25: Nl/h | M25: 0.9014
A26: Condition-1 [mol%] | I26: 5 | J26: 95 | K26: 100 | N26: Yes | O26: =IF(B$25="Yes", B26, 0) -> 0 | P26: =IF(C$25="Yes", C26, 0) -> 0 | Q26: =IF(D$25="Yes", D26, 0) -> 0 | R26: =IF(E$25="Yes", E26, 0) -> 0 | S26: =IF(F$25="Yes", F26, 0) -> 0 | T26: =IF(G$25="Yes", G26, 0) -> 0 | U26: =IF(H$25="Yes", H26, 0) -> 0 | V26: =IF(I$25="Yes", I26, 0) -> 5 | W26: =IF(J$25="Yes", J26, 0) -> 95 | X26: =SUM(O26:W26) -> 100
A27: Condition-2 [mol%] | I27: 5 | J27: 95 | K27: 100 | N27: Yes | O27: =IF(B$25="Yes", B27, 0) -> 0 | P27: =IF(C$25="Yes", C27, 0) -> 0 | Q27: =IF(D$25="Yes", D27, 0) -> 0 | R27: =IF(E$25="Yes", E27, 0) -> 0 | S27: =IF(F$25="Yes", F27, 0) -> 0 | T27: =IF(G$25="Yes", G27, 0) -> 0 | U27: =IF(H$25="Yes", H27, 0) -> 0 | V27: =IF(I$25="Yes", I27, 0) -> 5 | W27: =IF(J$25="Yes", J27, 0) -> 95 | X27: =SUM(O27:W27) -> 100
A28: Condition-3 [mol%] | I28: 5 | J28: 95 | K28: 100 | N28: Yes | O28: =IF(B$25="Yes", B28, 0) -> 0 | P28: =IF(C$25="Yes", C28, 0) -> 0 | Q28: =IF(D$25="Yes", D28, 0) -> 0 | R28: =IF(E$25="Yes", E28, 0) -> 0 | S28: =IF(F$25="Yes", F28, 0) -> 0 | T28: =IF(G$25="Yes", G28, 0) -> 0 | U28: =IF(H$25="Yes", H28, 0) -> 0 | V28: =IF(I$25="Yes", I28, 0) -> 5 | W28: =IF(J$25="Yes", J28, 0) -> 95 | X28: =SUM(O28:W28) -> 100
A29: Condition-4 [mol%] | I29: 5 | J29: 95 | K29: 100 | N29: Yes | O29: =IF(B$25="Yes", B29, 0) -> 0 | P29: =IF(C$25="Yes", C29, 0) -> 0 | Q29: =IF(D$25="Yes", D29, 0) -> 0 | R29: =IF(E$25="Yes", E29, 0) -> 0 | S29: =IF(F$25="Yes", F29, 0) -> 0 | T29: =IF(G$25="Yes", G29, 0) -> 0 | U29: =IF(H$25="Yes", H29, 0) -> 0 | V29: =IF(I$25="Yes", I29, 0) -> 5 | W29: =IF(J$25="Yes", J29, 0) -> 95 | X29: =SUM(O29:W29) -> 100
A30: Condition-5 [mol%] | I30: 5 | J30: 95 | K30: 100 | N30: Yes | O30: =IF(B$25="Yes", B30, 0) -> 0 | P30: =IF(C$25="Yes", C30, 0) -> 0 | Q30: =IF(D$25="Yes", D30, 0) -> 0 | R30: =IF(E$25="Yes", E30, 0) -> 0 | S30: =IF(F$25="Yes", F30, 0) -> 0 | T30: =IF(G$25="Yes", G30, 0) -> 0 | U30: =IF(H$25="Yes", H30, 0) -> 0 | V30: =IF(I$25="Yes", I30, 0) -> 5 | W30: =IF(J$25="Yes", J30, 0) -> 95 | X30: =SUM(O30:W30) -> 100
A31: Condition-6 [mol%] | I31: 5 | J31: 95 | K31: 100 | N31: Yes | O31: =IF(B$25="Yes", B31, 0) -> 0 | P31: =IF(C$25="Yes", C31, 0) -> 0 | Q31: =IF(D$25="Yes", D31, 0) -> 0 | R31: =IF(E$25="Yes", E31, 0) -> 0 | S31: =IF(F$25="Yes", F31, 0) -> 0 | T31: =IF(G$25="Yes", G31, 0) -> 0 | U31: =IF(H$25="Yes", H31, 0) -> 0 | V31: =IF(I$25="Yes", I31, 0) -> 5 | W31: =IF(J$25="Yes", J31, 0) -> 95 | X31: =SUM(O31:W31) -> 100
A33: Mixed Gas Composition (If Mixed Gas is Used, Enter Composition Information)
A34: Component | B34: Hydrogen | C34: Ethylene | D34: Methane | E34: Ethane | F34: Nitrogen | G34: CO2 | H34: CO | I34: Acetylene | J34: Propylene | K34: Propane | L34: Total
A35: Concentration [mol%] | B35: =ZMB!$B$22 -> 20.904323 | C35: =ZMB!$B$23 -> 1.6127312 | D35: =ZMB!$B$24 -> 2.5354912 | E35: =ZMB!$B$25 -> 0.0017224 | F35: =ZMB!$B$26 -> 59.79788 | G35: =ZMB!$B$27 -> 0 | H35: =ZMB!$B$28 -> 0 | I35: =ZMB!$B$29 -> 7.8221248 | J35: =ZMB!$B$30 -> 0 | K35: =ZMB!$B$31 -> 0 | L35: =SUM(B35:K35) -> 92.674272
A36: Concentration [Mass %] | B36: =IFERROR(100*B38/SUM($B$38:$K$38),"") -> 2.0998423 | C36: =IFERROR(100*C38/SUM($B$38:$K$38),"") -> 2.2543266 | D36: =IFERROR(100*D38/SUM($B$38:$K$38),"") -> 2.0267853 | E36: =IFERROR(100*E38/SUM($B$38:$K$38),"") -> 0.0025806405 | F36: =IFERROR(100*F38/SUM($B$38:$K$38),"") -> 83.468185 | G36: =IFERROR(100*G38/SUM($B$38:$K$38),"") -> 0 | H36: =IFERROR(100*H38/SUM($B$38:$K$38),"") -> 0 | I36: =IFERROR(100*I38/SUM($B$38:$K$38),"") -> 10.14828 | ... K36: =IFERROR(100*K38/SUM($B$38:$K$38),"") -> 0 | L36: =SUM(B36:K36) -> 100
A37: Mol Wt | B37: 2.016 | C37: 28.054 | D37: 16.043 | E37: 30.07 | F37: 28.014 | G37: 44.009 | H37: 28.01 | I37: 26.038 | J37: 42.081 | K37: 44.097
A38: g of Gas in 100 gmol of Gas | B38: =B35*B37 -> 42.143114 | C38: =C35*C37 -> 45.243561 | D38: =D35*D37 -> 40.676885 | E38: =E35*E37 -> 0.051792568 | F38: =F35*F37 -> 1675.1778 | G38: =G35*G37 -> 0 | H38: =H35*H37 -> 0 | I38: =I35*I37 -> 203.67249 | ... K38: =K35*K37 -> 0
A39: Carbon [Mass%] | B39: 0 | C39: 85.627718 | D39: 74.867543 | E39: 79.88693 | F39: 0 | G39: 27.292145 | H39: 42.881114 | I39: 92.25747 | J39: 85.627718 | K39: 81.713042
A40: Hydrogen [Mass%] | B40: 100 | C40: 14.372282 | D40: 25.132457 | E40: 20.11307 | F40: 0 | G40: 0 | H40: 0 | I40: 7.7425301 | J40: 14.372282 | K40: 18.286958
A41: Oxygen [Mass%] | B41: 0 | C41: 0 | D41: 0 | E41: 0 | F41: 0 | G41: 72.707855 | H41: 57.118886 | I41: 0 | J41: 0 | K41: 0
A42: Nitrogen [Mass%] | B42: 0 | C42: 0 | D42: 0 | E42: 0 | F42: 100 | G42: 0 | H42: 0 | I42: 0 | J42: 0 | K42: 0
A43: Carbon Contained in 100 kg Gas | B43: =B$36*B39/100 -> 0 | C43: =C$36*C39/100 -> 1.9303285 | D43: =D$36*D39/100 -> 1.5174044 | E43: =E$36*E39/100 -> 0.0020615945 | F43: =F$36*F39/100 -> 0 | G43: =G$36*G39/100 -> 0 | H43: =H$36*H39/100 -> 0 | I43: =I$36*I39/100 -> 9.362546 | ... K43: =K$36*K39/100 -> 0 | L43: =SUM(B43:K43) -> 12.81234
A44: Hydrogen Contained in 100 kg Gas | B44: =B$36*B40/100 -> 2.0998423 | C44: =C$36*C40/100 -> 0.32399818 | D44: =D$36*D40/100 -> 0.50938094 | E44: =E$36*E40/100 -> 0.00051904602 | F44: =F$36*F40/100 -> 0 | G44: =G$36*G40/100 -> 0 | H44: =H$36*H40/100 -> 0 | I44: =I$36*I40/100 -> 0.78573361 | ... K44: =K$36*K40/100 -> 0 | L44: =SUM(B44:K44) -> 3.7194741
A45: Oxygen Contained in 100 kg Gas | B45: =B$36*B41/100 -> 0 | C45: =C$36*C41/100 -> 0 | D45: =D$36*D41/100 -> 0 | E45: =E$36*E41/100 -> 0 | F45: =F$36*F41/100 -> 0 | G45: =G$36*G41/100 -> 0 | H45: =H$36*H41/100 -> 0 | I45: =I$36*I41/100 -> 0 | ... K45: =K$36*K41/100 -> 0 | L45: =SUM(B45:K45) -> 0
A46: Nitrogen Contained in 100 kg Gas | B46: =B$36*B42/100 -> 0 | C46: =C$36*C42/100 -> 0 | D46: =D$36*D42/100 -> 0 | E46: =E$36*E42/100 -> 0 | F46: =F$36*F42/100 -> 83.468185 | G46: =G$36*G42/100 -> 0 | H46: =H$36*H42/100 -> 0 | I46: =I$36*I42/100 -> 0 | ... K46: =K$36*K42/100 -> 0 | L46: =SUM(B46:K46) -> 83.468185
A48: Hydrocarbon/Solvent Feed ID | B48: B00003169001
A49: Feed Description | B49: Diesel (2nd stage), tol mixed
A50: Feed Analysis
A51: Property | B51: Value | C51: UoM | D51: Remarks
A52: Density | C52: g/mL | D52: At 15 deg. C.
A53: … | C53: …
A56: Elemental Analysis - Main Constituents
A57: Element | B57: Value | C57: UoM | D57: Remarks
A58: Carbon | C58: wt% MAF | D58: Non-normalized
A59: Hydrogen | C59: wt% MAF | D59: Non-normalized
A60: Oxygen | C60: wt% MAF | D60: Non-normalized
A61: Sulfur | C61: ppmw | D61: Non-normalized
A62: Nitrogen | C62: ppmw | D62: Non-normalized
A64: Elemental Analysis - Microconstitutents & Other Analyses
A65: Element | B65: Value | C65: UoM | D65: Remarks
A66: Chloride - total | C66: ppmw, Total
A67: Chloride - organic | C67: ppmw, Total
A68: Chloride - inorganic | C68: ppmw, Total
A69: Sodium | C69: ppmw, Total
A70: … | C70: …
A79: Target Operating Condition Table
B80: Condition-1 | D80: Condition-2 | F80: Condition-3 | H80: Condition-4 | J80: Condition-5 | L80: Condition-6
A81: Temperature Block-1 | B81: 150 | C81: °C | E81: °C | G81: °C | I81: °C | K81: °C | M81: °C
A82: Temperature Block-2 | B82: 150 | C82: °C | E82: °C | G82: °C | I82: °C | K82: °C | M82: °C
A83: Pressure Block-1 | B83: 5 | C83: barg | E83: barg | G83: barg | I83: barg | K83: barg | M83: barg
A84: Pressure Block-2 | B84: 5 | C84: barg | E84: barg | G84: barg | I84: barg | K84: barg | M84: barg
A85: Target Duration | C85: hours | E85: days | G85: hours | I85: days | K85: days | M85: days
B86: LHSV1 | C86: GoR2 | D86: LHSV1 | E86: GoR2 | F86: LHSV1 | G86: GoR2 | H86: LHSV1 | I86: GoR2 | J86: LHSV1 | K86: GoR2 | L86: LHSV1 | M86: GoR2
B87: ml liq/ml cat.h | C87: Nl "active gas"/ml liq | D87: ml liq/ml cat.h | E87: Nl "active gas"/ml liq | F87: ml liq/ml cat.h | G87: Nl "active gas"/ml liq | H87: ml liq/ml cat.h | I87: Nl "active gas"/ml liq | J87: ml liq/ml cat.h | K87: Nl "active gas"/ml liq | L87: ml liq/ml cat.h | M87: Nl "active gas"/ml liq
A88: R1 | B88: 0.2156 | C88: 4.638 | D88: 0.2156
A89: R2 | B89: 0.2156 | C89: 4.638 | D89: 0.2156
A90: R3 | D90: 0.2156
A91: R4 | B91: 0.2156 | C91: 4.638 | D91: 0.2156
A92: R5 | B92: 0.2156 | C92: 4.638 | D92: 0.2156
A93: R6 | B93: 0.2156 | C93: 4.638 | D93: 0.2156
A94: R7 | B94: 0.2156 | C94: 4.638 | D94: 0.2156
A95: R8 | B95: 0.2156 | C95: 4.638 | D95: 0.2156
A96: Calculation of Gas and Liquid Flow Rates Based on Target Operating Conditions3
B97: Liq [g/h] | C97: Gas [Nl/h] | D97: Liq [g/h] | E97: Gas [Nl/h] | F97: Liq [g/h] | G97: Gas [Nl/h] | H97: Liq [g/h] | I97: Gas [Nl/h] | J97: Liq [g/h] | K97: Gas [Nl/h] | L97: Liq [g/h] | M97: Gas [Nl/h]
A98: R1 | B98: 0.5 | C98: 3 | D98: 0.5 | E98: 4 | F98: 0.5 | G98: 4 | H98: =($D$13*0.001)*H88 -> 0 | I98: =IFERROR(I88*(H98/1000)/($X$29/100),"") -> 0 | J98: =($D$13*0.001)*J88 -> 0 | K98: =IFERROR(K88*(J98/1000)/($X$30/100),"") -> 0 | L98: =($D$13*0.001)*L88 -> 0 | M98: =IFERROR(M88*(L98/1000)/($X$31/100),"") -> 0
A99: R2 | B99: 0.5 | C99: 3 | D99: 0.5 | E99: 3.99 | F99: 0.5 | G99: 4 | H99: =($H$13*0.001)*H89 -> 0 | I99: =IFERROR(I89*(H99/1000)/($X$29/100),"") -> 0 | J99: =($H$13*0.001)*J89 -> 0 | K99: =IFERROR(K89*(J99/1000)/($X$30/100),"") -> 0 | L99: =($H$13*0.001)*L89 -> 0 | M99: =IFERROR(M89*(L99/1000)/($X$31/100),"") -> 0
A100: R3 | D100: 0.5 | E100: 4.01 | F100: 0.5 | G100: 4 | H100: =($L$13*0.001)*H90 -> 0 | I100: =IFERROR(I90*(H100/1000)/($X$29/100),"") -> 0 | J100: =($L$13*0.001)*J90 -> 0 | K100: =IFERROR(K90*(J100/1000)/($X$30/100),"") -> 0 | L100: =($L$13*0.001)*L90 -> 0 | M100: =IFERROR(M90*(L100/1000)/($X$31/100),"") -> 0
A101: R4 | B101: 0.5 | C101: 3 | D101: 0.5 | E101: 3.98 | F101: 0.49 | G101: 3.94 | H101: =($P$13*0.001)*H91 -> 0 | I101: =IFERROR(I91*(H101/1000)/($X$29/100),"") -> 0 | J101: =($P$13*0.001)*J91 -> 0 | K101: =IFERROR(K91*(J101/1000)/($X$30/100),"") -> 0 | L101: =($P$13*0.001)*L91 -> 0 | M101: =IFERROR(M91*(L101/1000)/($X$31/100),"") -> 0
A102: R5 | B102: 0.5 | C102: 3 | D102: 0.5 | E102: 3.99 | F102: 0.5 | G102: 4 | H102: =($D$20*0.001)*H92 -> 0 | I102: =IFERROR(I92*(H102/1000)/($X$29/100),"") -> 0 | J102: =($D$20*0.001)*J92 -> 0 | K102: =IFERROR(K92*(J102/1000)/($X$30/100),"") -> 0 | L102: =($D$20*0.001)*L92 -> 0 | M102: =IFERROR(M92*(L102/1000)/($X$31/100),"") -> 0
A103: R6 | B103: 0.5 | C103: 3 | D103: 0.5 | E103: 4.02 | F103: 0.5 | G103: 4 | H103: =($H$20*0.001)*H93 -> 0 | I103: =IFERROR(I93*(H103/1000)/($X$29/100),"") -> 0 | J103: =($H$20*0.001)*J93 -> 0 | K103: =IFERROR(K93*(J103/1000)/($X$30/100),"") -> 0 | L103: =($H$20*0.001)*L93 -> 0 | M103: =IFERROR(M93*(L103/1000)/($X$31/100),"") -> 0
A104: R7 | B104: 0.5 | C104: 3 | D104: 0.5 | E104: 4 | F104: 0.49 | G104: 3.94 | H104: =($L$20*0.001)*H94 -> 0 | I104: =IFERROR(I94*(H104/1000)/($X$29/100),"") -> 0 | J104: =($L$20*0.001)*J94 -> 0 | K104: =IFERROR(K94*(J104/1000)/($X$30/100),"") -> 0 | L104: =($L$20*0.001)*L94 -> 0 | M104: =IFERROR(M94*(L104/1000)/($X$31/100),"") -> 0
A105: R8 | B105: 0 | C105: 3 | D105: 0 | E105: 0 | F105: 0.5 | G105: 4 | H105: =($P$20*0.001)*H95 -> 0 | I105: =IFERROR(I95*(H105/1000)/($X$29/100),"") -> 0 | J105: =($P$20*0.001)*J95 -> 0 | K105: =IFERROR(K95*(J105/1000)/($X$30/100),"") -> 0 | L105: =($P$20*0.001)*L95 -> 0 | M105: =IFERROR(M95*(L105/1000)/($X$31/100),"") -> 0
A106: Total Flow Rate | B106: =SUM(B98:B105) -> 3 | C106: =SUM(C98:C105) -> 21 | D106: =SUM(D98:D105) -> 3.5 | E106: =SUM(E98:E105) -> 27.99 | F106: =SUM(F98:F105) -> 3.98 | G106: =SUM(G98:G105) -> 31.88 | H106: =SUM(H98:H105) -> 0 | I106: =SUM(I98:I105) -> 0 | ... M106: =SUM(M98:M105) -> 0

Sheet Liq
A1: Run Number | B1: =IF(Run_Plan!$B$1="", "", Run_Plan!$B$1) -> R6-C1-S1
A2: Run Objective | B2: =IF(Run_Plan!$B$2="", "", Run_Plan!$B$2)
A3: Run Start Date | B3: =IF(Run_Plan!$B$3="", "", Run_Plan!$B$3) -> 45425.583
A4: Condition and Sample Number | B4: C1-S1
A5: Sample Collection Started | B5: 45426.328 | C5: 45426.328 | E5: 45426.328 | F5: 45426.328 | G5: 45426.328 | H5: 45426.328 | I5: 45426.328
A6: Sample Collection Finished | B6: 45426.332 | C6: 45426.332 | E6: 45426.332 | F6: 45426.332 | G6: 45426.332 | H6: 45426.332 | I6: 45426.332
A7: Duration of Sampling | B7: =IF(OR(B5="", B6=""), "", (B6-B5)*1440) -> 6 | C7: =IF(OR(C5="", C6=""), "", (C6-C5)*1440) -> 6 | D7: =IF(OR(D5="", D6=""), "", (D6-D5)*1440) | E7: =IF(OR(E5="", E6=""), "", (E6-E5)*1440) -> 6 | F7: =IF(OR(F5="", F6=""), "", (F6-F5)*1440) -> 6 | G7: =IF(OR(G5="", G6=""), "", (G6-G5)*1440) -> 6 | H7: =IF(OR(H5="", H6=""), "", (H6-H5)*1440) -> 6 | I7: =IF(OR(I5="", I6=""), "", (I6-I5)*1440) -> 6
A8: Average Time-on-Stream | B8: =IFERROR(24*((B5+B6)/2-$B$3), "") -> 17.916667 | C8: =IFERROR(24*((C5+C6)/2-$B$3),"") -> 17.916667 | D8: =IFERROR(24*((D5+D6)/2-$B$3),"") -> -1090214 | E8: =IFERROR(24*((E5+E6)/2-$B$3),"") -> 17.916667 | F8: =IFERROR(24*((F5+F6)/2-$B$3),"") -> 17.916667 | G8: =IFERROR(24*((G5+G6)/2-$B$3),"") -> 17.916667 | H8: =IFERROR(24*((H5+H6)/2-$B$3),"") -> 17.916667 | I8: =IFERROR(24*((I5+I6)/2-$B$3),"") -> 17.916667
A10: Mass of Liquid Feed Pumped into Each Reactor Over Sampling Duration
B11: R1 | C11: R2 | D11: R3 | E11: R4 | F11: R5 | G11: R6 | H11: R7 | I11: R8
B12: 02i2FIC01 | C12: 02i2FIC02 | D12: 02i2FIC03 | E12: 02i2FIC04 | F12: 02i2FIC05 | G12: 02i2FIC06 | H12: 02i2FIC07 | I12: 02i2FIC08
A13: Feed flow rate [g/h] | B13: =ZMB!B$13 -> 0.5 | C13: =ZMB!C$13 -> 0.5 | D13: =ZMB!D$13 | E13: =ZMB!E$13 -> 0.5 | F13: =ZMB!F$13 -> 0.5 | G13: =ZMB!G$13 -> 0.5 | H13: =ZMB!H$13 -> 0.5 | I13: =ZMB!I$13 -> 0.5
A15: Mass of Total Liquid Product (TLP) and Decanted Products (If Two Phases Were Seen)
B16: R1 | C16: R2 | D16: R3 | E16: R4 | F16: R5 | G16: R6 | H16: R7 | I16: R8
A17: TLP Mass [g]
A18: Hydrocarbon (Top) Phase Mass [g]
A19: Aqueous (Bottom) Phase Mass [g]
A20: Decantation Loss [%] | B20: =IFERROR(100-100*(B18+B19)/B17,"") | C20: =IFERROR(100-100*(C18+C19)/C17,"") | D20: =IFERROR(100-100*(D18+D19)/D17,"") | E20: =IFERROR(100-100*(E18+E19)/E17,"") | F20: =IFERROR(100-100*(F18+F19)/F17,"") | G20: =IFERROR(100-100*(G18+G19)/G17,"") | H20: =IFERROR(100-100*(H18+H19)/H17,"") | I20: =IFERROR(100-100*(I18+I19)/I17,"")
A22: Elemental Analyses of Hydrocarbon Liquid Product
B23: R1 | C23: R2 | D23: R3 | E23: R4 | F23: R5 | G23: R6 | H23: R7 | I23: R8
A24: Carbon [wt%]
A25: Hydrogen [wt%]
A26: Oxygen [wt%]
A27: Nitrogen [ppmw]
A28: Sulfur [ppmw]
A30: Any Other Bulk Analyses
B31: R1 | C31: R2 | D31: R3 | E31: R4 | F31: R5 | G31: R6 | H31: R7 | I31: R8
A32: Density [g/mL]
A33: Monoaromatics by IP-391 [wt%]
A34: Diaromatics by IP-391 [wt%]
A35: Tri+aromatics by IP-391 [wt%]
A36: …
A38: Flow Rate of Hydrocarbon and Aqueous Liquid Product from Each Reactor over Sampling Duration
B39: R1 | C39: R2 | D39: R3 | E39: R4 | F39: R5 | G39: R6 | H39: R7 | I39: R8
A40: Hydrocarbon (Top) Phase Flow Rate [g/h] | B40: =IFERROR((B17-B19)/(B8),"") -> 0 | C40: =IFERROR((C17-C19)/(C8),"") -> 0 | D40: =IFERROR((D17-D19)/(D8),"") -> 0 | E40: =IFERROR((E17-E19)/(E8),"") -> 0 | F40: =IFERROR((F17-F19)/(F8),"") -> 0 | G40: =IFERROR((G17-G19)/(G8),"") -> 0 | H40: =IFERROR((H17-H19)/(H8),"") -> 0 | I40: =IFERROR((I17-I19)/(I8),"") -> 0
A41: Aqueous (Bottom) Phase Flow Rate [g/h] | B41: =IFERROR(B19/(B7/60),"") -> 0 | C41: =IFERROR(C19/(C7/60),"") -> 0 | D41: =IFERROR(D19/(D7/60),"") | E41: =IFERROR(E19/(E7/60),"") -> 0 | F41: =IFERROR(F19/(F7/60),"") -> 0 | G41: =IFERROR(G19/(G7/60),"") -> 0 | H41: =IFERROR(H19/(H7/60),"") -> 0 | I41: =IFERROR(I19/(I7/60),"") -> 0

Sheet HC_SIMDIS
C1: Boiling Point, °C | K1: Yes | L1: No
B2: Mass Recovered, % | C2: =Run_Plan!B14 -> R1 Catalyst Ni2CBV-3014 | D2: =Run_Plan!F14 -> R2 Catalyst Ni5CBV-3014 | E2: =Run_Plan!J14 | F2: =Run_Plan!N14 -> R4 Catalyst Cu5CBV500 | G2: =Run_Plan!B21 -> R5 Catalyst alpha-Alumina | H2: =Run_Plan!F21 -> R6 Catalyst Cu5CBV720 | I2: =Run_Plan!J21 -> R7 Catalyst Ni2CBV-3014 | J2: =Run_Plan!N21 -> R8 Catalyst Ni5CBV500
B3: 0.5 | M3: SIMDIS Profile for TLP-Hydrocarbon Product
B4: 1
B5: 2 | M5: Run | N5: =Liq!B1 -> R6-C1-S1 | O5: Sample | P5: =Liq!B4 -> C1-S1
B6: 3 | M6: Feedstock | N6: =Run_Plan!B49 -> Diesel (2nd stage), tol mixed
B7: 4
B8: 5
B9: 6
B10: 7
B11: 8
B12: 9
B13: 10
B14: 11
B15: 12
B16: 13
B17: 14
B18: 15
... B36: 33
B37: 34 | M37: SIMDIS Profile for TLP-Hydrocarbon Product
B38: 35
B39: 36 | M39: Run | N39: =N5 -> R6-C1-S1 | O39: Sample | P39: =P5 -> C1-S1
B40: 37 | M40: Feedstock | N40: =Run_Plan!B49 -> Diesel (2nd stage), tol mixed
B41: 38
B42: 39
B43: 40
B44: 41
B45: 42
B46: 43
B47: 44
B48: 45
B49: 46
B50: 47
B51: 48
B52: 49
... B103: 99.5

Sheet HC_DHA
B2: DHA-PIONA Reactor-1 Hydrocarbon TLP | K2: =B2 -> DHA-PIONA Reactor-1 Hydrocarbon TLP | V2: DHA-PIONA Reactor-5 Hydrocarbon TLP | AE2: =V2 -> DHA-PIONA Reactor-5 Hydrocarbon TLP
B3: Carbon Number | C3: n-Paraffins | D3: Isoparaffins | E3: Aromatics | F3: Naphthenes | G3: Olefins | H3: Oxygenates | I3: Total | V3: Carbon Number | W3: n-Paraffins | X3: Isoparaffins | Y3: Aromatics | Z3: Naphthenes | AA3: Olefins | AB3: Oxygenates | AC3: Total
B4: 1 | K4: Run | L4: =Run_Plan!B14 -> R1 Catalyst Ni2CBV-3014 | P4: Sample | Q4: =Liq!$B$4 -> C1-S1 | V4: 1 | AE4: Run | AF4: =Run_Plan!B21 -> R5 Catalyst alpha-Alumina | AJ4: Sample | AK4: =Liq!$B$4 -> C1-S1
B5: 2 | V5: 2
B6: 3 | V6: 3
B7: 4 | V7: 4
B8: 5 | V8: 5
B9: 6 | V9: 6
B10: 7 | V10: 7
B11: 8 | V11: 8
B12: 9 | V12: 9
B13: 10 | V13: 10
B14: 11 | V14: 11
B15: 12 | V15: 12
B16: 13 | V16: 13
... B18: 15 | V18: 15
B19: Total | V19: Total
H20: Total Unknowns | AB20: Total Unknowns
H21: Grand Total | AB21: Grand Total
O28: Unknowns | P28: =I20 -> 0 | AI28: Unknowns | AJ28: =AC20 -> 0
B30: DHA-PIONA Reactor-2 Hydrocarbon TLP | K30: =B30 -> DHA-PIONA Reactor-2 Hydrocarbon TLP | V30: DHA-PIONA Reactor-6 Hydrocarbon TLP | AE30: =V30 -> DHA-PIONA Reactor-6 Hydrocarbon TLP
B31: Carbon Number | C31: n-Paraffins | D31: Isoparaffins | E31: Aromatics | F31: Naphthenes | G31: Olefins | H31: Oxygenates | I31: Total | V31: Carbon Number | W31: n-Paraffins | X31: Isoparaffins | Y31: Aromatics | Z31: Naphthenes | AA31: Olefins | AB31: Oxygenates | AC31: Total
B32: 1 | K32: Run | L32: =Run_Plan!F14 -> R2 Catalyst Ni5CBV-3014 | P32: Sample | Q32: =Liq!$B$4 -> C1-S1 | V32: 1 | AE32: Run | AF32: =Run_Plan!F21 -> R6 Catalyst Cu5CBV720 | AJ32: Sample | AK32: =Liq!$B$4 -> C1-S1
B33: 2 | V33: 2
B34: 3 | V34: 3
B35: 4 | V35: 4
B36: 5 | V36: 5
B37: 6 | V37: 6
B38: 7 | V38: 7
B39: 8 | V39: 8
B40: 9 | V40: 9
B41: 10 | V41: 10
B42: 11 | V42: 11
B43: 12 | V43: 12
B44: 13 | V44: 13
... B46: 15 | V46: 15
B47: Total | V47: Total
H48: Total Unknowns | AB48: Total Unknowns
H49: Grand Total | AB49: Grand Total
O56: Unknowns | P56: =I48 -> 0 | AI56: Unknowns | AJ56: =AC48 -> 0
B58: DHA-PIONA Reactor-3 Hydrocarbon TLP | K58: =B58 -> DHA-PIONA Reactor-3 Hydrocarbon TLP | V58: DHA-PIONA Reactor-7 Hydrocarbon TLP | AE58: =V58 -> DHA-PIONA Reactor-7 Hydrocarbon TLP
B59: Carbon Number | C59: n-Paraffins | D59: Isoparaffins | E59: Aromatics | F59: Naphthenes | G59: Olefins | H59: Oxygenates | I59: Total | V59: Carbon Number | W59: n-Paraffins | X59: Isoparaffins | Y59: Aromatics | Z59: Naphthenes | AA59: Olefins | AB59: Oxygenates | AC59: Total
B60: 1 | K60: Run | L60: =Run_Plan!J14 | P60: Sample | Q60: =Liq!$B$4 -> C1-S1 | V60: 1 | AE60: Run | AF60: =Run_Plan!J21 -> R7 Catalyst Ni2CBV-3014 | AJ60: Sample | AK60: =Liq!$B$4 -> C1-S1
B61: 2 | V61: 2
B62: 3 | V62: 3
B63: 4 | V63: 4
B64: 5 | V64: 5
B65: 6 | V65: 6
B66: 7 | V66: 7
B67: 8 | V67: 8
B68: 9 | V68: 9
B69: 10 | V69: 10
B70: 11 | V70: 11
B71: 12 | V71: 12
B72: 13 | V72: 13
... B74: 15 | V74: 15
B75: Total | V75: Total
H76: Total Unknowns | AB76: Total Unknowns
H77: Grand Total | AB77: Grand Total
O84: Unknowns | P84: =I76 -> 0 | AI84: Unknowns | AJ84: =AC76 -> 0
B86: DHA-PIONA Reactor-4 Hydrocarbon TLP | K86: =B86 -> DHA-PIONA Reactor-4 Hydrocarbon TLP | V86: DHA-PIONA Reactor-8 Hydrocarbon TLP | AE86: =V86 -> DHA-PIONA Reactor-8 Hydrocarbon TLP
B87: Carbon Number | C87: n-Paraffins | D87: Isoparaffins | E87: Aromatics | F87: Naphthenes | G87: Olefins | H87: Oxygenates | I87: Total | V87: Carbon Number | W87: n-Paraffins | X87: Isoparaffins | Y87: Aromatics | Z87: Naphthenes | AA87: Olefins | AB87: Oxygenates | AC87: Total
B88: 1 | K88: Run | L88: =Run_Plan!N14 -> R4 Catalyst Cu5CBV500 | P88: Sample | Q88: =Liq!$B$4 -> C1-S1 | V88: 1 | AE88: Run | AF88: =Run_Plan!N21 -> R8 Catalyst Ni5CBV500 | AJ88: Sample | AK88: =Liq!$B$4 -> C1-S1
B89: 2 | V89: 2
B90: 3 | V90: 3
B91: 4 | V91: 4
B92: 5 | V92: 5
B93: 6 | V93: 6
B94: 7 | V94: 7
B95: 8 | V95: 8
B96: 9 | V96: 9
B97: 10 | V97: 10
B98: 11 | V98: 11
B99: 12 | V99: 12
B100: 13 | V100: 13
... B102: 15 | V102: 15
B103: Total | V103: Total
H104: Total Unknowns | AB104: Total Unknowns
H105: Grand Total | AB105: Grand Total
O112: Unknowns | P112: =I104 -> 0 | AI112: Unknowns | AJ112: =AC104 -> 0

Sheet Gas
A1: Run Number | B1: =IF(Run_Plan!$B$1="", "", Run_Plan!$B$1) -> R6-C1-S1
A2: Run Objective | B2: =IF(Run_Plan!$B$2="","",Run_Plan!$B$2)
A3: Run Start Date | B3: =IF(Run_Plan!$B$3="", "", Run_Plan!$B$3) -> 45425.583 | D3: Duration of Sampling | E3: =IFERROR((B6-B5)*1440,"") -> 6
A4: Condition and Sample Number | B4: =IF(Liq!B4="", "", Liq!B4) -> C1-S1 | D4: Average Time-on-Stream | E4: =IFERROR(24*((B5+B6)/2-B3),"") -> 17.916667
A5: Sample Collection Started | B5: =IF(Liq!B5="","",Liq!B5) -> 45426.328 | D5: Average of 01i14FI01 | E5: 19.5
A6: Sample Collection Finished | B6: =IF(Liq!B6="", "", Liq!B6) -> 45426.332
A8: Calculation of Average Gas Flow into Each Reactor Over Sampling Duration
B9: R1 | C9: R2 | D9: R3 | E9: R4 | F9: R5 | G9: R6 | H9: R7 | I9: R8
B10: 02i2FIC01 | C10: 02i2FIC02 | D10: 02i2FIC03 | E10: 02i2FIC04 | F10: 02i2FIC05 | G10: 02i2FIC06 | H10: 02i2FIC07 | I10: 02i2FIC08
A11: Gas Feed Flow Rate [NmL/h] | B11: 3000 | C11: 3000 | E11: 3000 | F11: 3000 | G11: 3000 | H11: 3000 | I11: 3000 | J11: C mass% | K11: H mass% | L11: O mass% | M11: N mass%
A12: Total Gas Feed Flow Rate [g/h] | B12: =IFERROR($E$5*B11/SUM($B$11:$I$11),"") -> 2.7857143 | C12: =IFERROR($E$5*C11/SUM($B$11:$I$11),"") -> 2.7857143 | D12: =IFERROR($E$5*D11/SUM($B$11:$I$11),"") -> 0 | E12: =IFERROR($E$5*E11/SUM($B$11:$I$11),"") -> 2.7857143 | F12: =IFERROR($E$5*F11/SUM($B$11:$I$11),"") -> 2.7857143 | G12: =IFERROR($E$5*G11/SUM($B$11:$I$11),"") -> 2.7857143 | H12: =IFERROR($E$5*H11/SUM($B$11:$I$11),"") -> 2.7857143 | I12: =IFERROR($E$5*I11/SUM($B$11:$I$11),"") -> 2.7857143 | J12: 0 | K12: 100 | L12: 0 | M12: 0
A13: Flow Rate of H2 Contained [g/h] (Note 1) | B13: =IFERROR(B12*$B$37/100,"") -> 0 | C13: =IFERROR(C12*$B$37/100,"") -> 0 | D13: =IFERROR(D12*$B$37/100,"") -> 0 | E13: =IFERROR(E12*$B$37/100,"") -> 0 | F13: =IFERROR(F12*$B$37/100,"") -> 0 | G13: =IFERROR(G12*$B$37/100,"") -> 0 | H13: =IFERROR(H12*$B$37/100,"") -> 0 | I13: =IFERROR(I12*$B$37/100,"") -> 0 | J13: 85.627718 | K13: 14.372282 | L13: 0 | M13: 0
A14: Flow Rate of C2H4 Contained [g/h] (Note 1) | B14: =IFERROR(B12*$C$37/100,"") -> 0 | C14: =IFERROR(C12*$C$37/100,"") -> 0 | D14: =IFERROR(D12*$C$37/100,"") -> 0 | E14: =IFERROR(E12*$C$37/100,"") -> 0 | F14: =IFERROR(F12*$C$37/100,"") -> 0 | G14: =IFERROR(G12*$C$37/100,"") -> 0 | H14: =IFERROR(H12*$C$37/100,"") -> 0 | I14: =IFERROR(I12*$C$37/100,"") -> 0 | J14: 74.867543 | K14: 25.132457 | L14: 0 | M14: 0
A15: Flow Rate of CH4 Contained [g/h] (Note 1) | B15: =IFERROR(B12*$D$37/100,"") -> 0 | C15: =IFERROR(C12*$D$37/100,"") -> 0 | D15: =IFERROR(D12*$D$37/100,"") -> 0 | E15: =IFERROR(E12*$D$37/100,"") -> 0 | F15: =IFERROR(F12*$D$37/100,"") -> 0 | G15: =IFERROR(G12*$D$37/100,"") -> 0 | H15: =IFERROR(H12*$D$37/100,"") -> 0 | I15: =IFERROR(I12*$D$37/100,"") -> 0 | J15: 79.88693 | K15: 20.11307 | L15: 0 | M15: 0
A16: Flow Rate of C2H6 Contained [g/h] (Note 1) | B16: =IFERROR(B12*$E$37/100,"") -> 0 | C16: =IFERROR(C12*$E$37/100,"") -> 0 | D16: =IFERROR(D12*$E$37/100,"") -> 0 | E16: =IFERROR(E12*$E$37/100,"") -> 0 | F16: =IFERROR(F12*$E$37/100,"") -> 0 | G16: =IFERROR(G12*$E$37/100,"") -> 0 | H16: =IFERROR(H12*$E$37/100,"") -> 0 | I16: =IFERROR(I12*$E$37/100,"") -> 0 | J16: 0 | K16: 0 | L16: 0 | M16: 100
A17: Flow Rate of N2 Contained [g/h] (Note 1) | B17: =IFERROR(B12*$F$37/100,"") -> 0 | C17: =IFERROR(C12*$F$37/100,"") -> 0 | D17: =IFERROR(D12*$F$37/100,"") -> 0 | E17: =IFERROR(E12*$F$37/100,"") -> 0 | F17: =IFERROR(F12*$F$37/100,"") -> 0 | G17: =IFERROR(G12*$F$37/100,"") -> 0 | H17: =IFERROR(H12*$F$37/100,"") -> 0 | I17: =IFERROR(I12*$F$37/100,"") -> 0 | J17: 27.292145 | K17: 0 | L17: 72.707855 | M17: 0
A18: Flow Rate of CO2 Contained [g/h] (Note 1) | B18: =IFERROR(B12*$G$37/100,"") -> 0 | C18: =IFERROR(C12*$G$37/100,"") -> 0 | D18: =IFERROR(D12*$G$37/100,"") -> 0 | E18: =IFERROR(E12*$G$37/100,"") -> 0 | F18: =IFERROR(F12*$G$37/100,"") -> 0 | G18: =IFERROR(G12*$G$37/100,"") -> 0 | H18: =IFERROR(H12*$G$37/100,"") -> 0 | I18: =IFERROR(I12*$G$37/100,"") -> 0 | J18: 42.881114 | K18: 0 | L18: 57.118886 | M18: 0
A19: Flow Rate of CO Contained [g/h] (Note 1) | B19: =IFERROR(B12*$H$37/100,"") -> 0 | C19: =IFERROR(C12*$H$37/100,"") -> 0 | D19: =IFERROR(D12*$H$37/100,"") -> 0 | E19: =IFERROR(E12*$H$37/100,"") -> 0 | F19: =IFERROR(F12*$H$37/100,"") -> 0 | G19: =IFERROR(G12*$H$37/100,"") -> 0 | H19: =IFERROR(H12*$H$37/100,"") -> 0 | I19: =IFERROR(I12*$H$37/100,"") -> 0
A20: Flow Rate of Ar Contained [g/h] (Note 1) | B20: =IFERROR(B12*$I$37/100,"") -> 0.22890922 | C20: =IFERROR(C12*$I$37/100,"") -> 0.22890922 | D20: =IFERROR(D12*$I$37/100,"") -> 0 | E20: =IFERROR(E12*$I$37/100,"") -> 0.22890922 | F20: =IFERROR(F12*$I$37/100,"") -> 0.22890922 | G20: =IFERROR(G12*$I$37/100,"") -> 0.22890922 | H20: =IFERROR(H12*$I$37/100,"") -> 0.22890922 | I20: =IFERROR(I12*$I$37/100,"") -> 0.22890922
A21: Flow Rate of Mixed Gas Contained [g/h] | B21: =IFERROR(B12*$J$37/100,"") -> 2.5568051 | C21: =IFERROR(C12*$J$37/100,"") -> 2.5568051 | D21: =IFERROR(D12*$J$37/100,"") -> 0 | E21: =IFERROR(E12*$J$37/100,"") -> 2.5568051 | F21: =IFERROR(F12*$J$37/100,"") -> 2.5568051 | G21: =IFERROR(G12*$J$37/100,"") -> 2.5568051 | H21: =IFERROR(H12*$J$37/100,"") -> 2.5568051 | I21: =IFERROR(I12*$J$37/100,"") -> 2.5568051
A22: Flow Rate of Elemental Carbon Contained [g/h] | B22: =IFERROR(B14*$J13*0.01+B15*$J14*0.01+B16*$J15*0.01+B18*$J17*0.01+B19*$J18*0.01+B21*$J20*0.01,"") -> 0 | C22: =IFERROR(C14*$J13*0.01+C15*$J14*0.01+C16*$J15*0.01+C18*$J17*0.01+C19*$J18*0.01+C21*$J20*0.01,"") -> 0 | D22: =IFERROR(D14*$J13*0.01+D15*$J14*0.01+D16*$J15*0.01+D18*$J17*0.01+D19*$J18*0.01+D21*$J20*0.01,"") -> 0 | E22: =IFERROR(E14*$J13*0.01+E15*$J14*0.01+E16*$J15*0.01+E18*$J17*0.01+E19*$J18*0.01+E21*$J20*0.01,"") -> 0 | F22: =IFERROR(F14*$J13*0.01+F15*$J14*0.01+F16*$J15*0.01+F18*$J17*0.01+F19*$J18*0.01+F21*$J20*0.01,"") -> 0 | G22: =IFERROR(G14*$J13*0.01+G15*$J14*0.01+G16*$J15*0.01+G18*$J17*0.01+G19*$J18*0.01+G21*$J20*0.01,"") -> 0 | H22: =IFERROR(H14*$J13*0.01+H15*$J14*0.01+H16*$J15*0.01+H18*$J17*0.01+H19*$J18*0.01+H21*$J20*0.01,"") -> 0 | I22: =IFERROR(I14*$J13*0.01+I15*$J14*0.01+I16*$J15*0.01+I18*$J17*0.01+I19*$J18*0.01+I21*$J20*0.01,"") -> 0
A23: Flow Rate of Elemental Hydrogen Contained [g/h] | B23: =IFERROR(B13*$K12*0.01+B14*$K13*0.01+B15*$K14*0.01+B16*$K15*0.01+B21*$K20*0.01,"") -> 0 | C23: =IFERROR(C13*$K12*0.01+C14*$K13*0.01+C15*$K14*0.01+C16*$K15*0.01+C21*$K20*0.01,"") -> 0 | D23: =IFERROR(D13*$K12*0.01+D14*$K13*0.01+D15*$K14*0.01+D16*$K15*0.01+D21*$K20*0.01,"") -> 0 | E23: =IFERROR(E13*$K12*0.01+E14*$K13*0.01+E15*$K14*0.01+E16*$K15*0.01+E21*$K20*0.01,"") -> 0 | F23: =IFERROR(F13*$K12*0.01+F14*$K13*0.01+F15*$K14*0.01+F16*$K15*0.01+F21*$K20*0.01,"") -> 0 | G23: =IFERROR(G13*$K12*0.01+G14*$K13*0.01+G15*$K14*0.01+G16*$K15*0.01+G21*$K20*0.01,"") -> 0 | H23: =IFERROR(H13*$K12*0.01+H14*$K13*0.01+H15*$K14*0.01+H16*$K15*0.01+H21*$K20*0.01,"") -> 0 | I23: =IFERROR(I13*$K12*0.01+I14*$K13*0.01+I15*$K14*0.01+I16*$K15*0.01+I21*$K20*0.01,"") -> 0
A24: Flow Rate of Elemental Oxygen Contained [g/h] | B24: =IFERROR(B18*$L17*0.01+B19*$L18*0.01+B21*$L20*0.01,"") -> 0 | C24: =IFERROR(C18*$L17*0.01+C19*$L18*0.01+C21*$L20*0.01,"") -> 0 | D24: =IFERROR(D18*$L17*0.01+D19*$L18*0.01+D21*$L20*0.01,"") -> 0 | E24: =IFERROR(E18*$L17*0.01+E19*$L18*0.01+E21*$L20*0.01,"") -> 0 | F24: =IFERROR(F18*$L17*0.01+F19*$L18*0.01+F21*$L20*0.01,"") -> 0 | G24: =IFERROR(G18*$L17*0.01+G19*$L18*0.01+G21*$L20*0.01,"") -> 0 | H24: =IFERROR(H18*$L17*0.01+H19*$L18*0.01+H21*$L20*0.01,"") -> 0 | I24: =IFERROR(I18*$L17*0.01+I19*$L18*0.01+I21*$L20*0.01,"") -> 0
A25: Flow Rate of Elemental Nitrogen Contained [g/h] | B25: =IFERROR(B17+B21*$M20*0.01,"") -> 0 | C25: =IFERROR(C17+C21*$M20*0.01,"") -> 0 | D25: =IFERROR(D17+D21*$M20*0.01,"") -> 0 | E25: =IFERROR(E17+E21*$M20*0.01,"") -> 0 | F25: =IFERROR(F17+F21*$M20*0.01,"") -> 0 | G25: =IFERROR(G17+G21*$M20*0.01,"") -> 0 | H25: =IFERROR(H17+H21*$M20*0.01,"") -> 0 | I25: =IFERROR(I17+I21*$M20*0.01,"") -> 0
A26: Flow Rate of Elemental Argon Contained [g/h] | B26: =B20 -> 0.22890922 | C26: =C20 -> 0.22890922 | D26: =D20 -> 0 | E26: =E20 -> 0.22890922 | F26: =F20 -> 0.22890922 | G26: =G20 -> 0.22890922 | H26: =H20 -> 0.22890922 | I26: =I20 -> 0.22890922
A27: Total Flow Rate of Carbon Contained in Gas [g/h] | B27: =SUM(B22:I22) -> 0
A28: Total Flow Rate of Hydrogen Contained in Gas [g/h] | B28: =SUM(B23:I23) -> 0
A29: Total Flow Rate of Oxygen Contained in Gas [g/h] | B29: =SUM(B24:I24) -> 0
A30: Total Flow Rate of Nitrogen Contained in Gas [g/h] | B30: =SUM(B25:I25) -> 0
A31: Total Flow Rate of Argon Contained in Gas [g/h] | B31: =SUM(B26:I26) -> 1.6023645
A33: Verified Feed Gas Composition for This Condition
A34: Gas | B34: Hydrogen | C34: Ethylene | D34: Methane | E34: Ethane | F34: Nitrogen | G34: CO2 | H34: CO | I34: Argon | J34: Mixed gas | K34: Total
A35: Concentration [mol %] | I35: 4.3 | J35: 95.6 | K35: =SUM(B35:J35) -> 99.9
A36: Mol Wt | B36: 2.016 | C36: 28.054 | D36: 16.043 | E36: 30.07 | F36: 28.014 | G36: 44.009 | H36: 28.01 | I36: 39.948 | J36: =SUM(Run_Plan!B38:K38)/100 -> 20.069656
A37: Concentration [mass %] | B37: =IFERROR(100*B38/SUM($B$38:$J$38),"") -> 0 | C37: =IFERROR(100*C38/SUM($B$38:$J$38),"") -> 0 | D37: =IFERROR(100*D38/SUM($B$38:$J$38),"") -> 0 | E37: =IFERROR(100*E38/SUM($B$38:$J$38),"") -> 0 | F37: =IFERROR(100*F38/SUM($B$38:$J$38),"") -> 0 | G37: =IFERROR(100*G38/SUM($B$38:$J$38),"") -> 0 | H37: =IFERROR(100*H38/SUM($B$38:$J$38),"") -> 0 | I37: =IFERROR(100*I38/SUM($B$38:$J$38),"") -> 8.2172541 | J37: =IFERROR(100*J38/SUM($B$38:$J$38),"") -> 91.782746 | K37: =SUM(B37:J37) -> 100
A38: Calculating Mass % | B38: =B35*B36 -> 0 | C38: =C35*C36 -> 0 | D38: =D35*D36 -> 0 | E38: =E35*E36 -> 0 | F38: =F35*F36 -> 0 | G38: =G35*G36 -> 0 | H38: =H35*H36 -> 0 | I38: =I35*I36 -> 171.7764 | J38: =J35*J36 -> 1918.6591 | U38: =SUM(S8:S11) -> 0

Sheet R1_MB
A1: Run Number | C1: =IF(Run_Plan!$B$1="","",Run_Plan!$B$1) -> R6-C1-S1
A2: Run Objective | C2: =IF(Run_Plan!$B$2="","",Run_Plan!$B$2)
A3: Run Start Date | C3: =IF(Run_Plan!$B$3="","",Run_Plan!$B$3) -> 45425.583 | E3: Duration of Sampling | F3: =IFERROR((C6-C5)*1440,"") -> 6
A4: Condition and Sample Number | C4: =IF(Liq!B4="", "", Liq!B4) -> C1-S1 | E4: Average Time-on-Stream | F4: =IFERROR(24*((C5+C6)/2-C3),"") -> 17.916667
A5: Sample Collection Started | C5: =IF(Liq!B5="","",Liq!B5) -> 45426.328 | E5: Average Ar Flow to Reactor | F5: =Gas!B20 -> 0.22890922 | H5: GC injection time lies outside sampling duration - check!
A6: Sample Collection Finished | C6: =IF(Liq!B6="","",Liq!B6) -> 45426.332 | H6: {=MIN(IF(D16:XFD16<>0,D16:XFD16))} -> 0 | I6: {=MAX(IF(D16:XFD16<>0,D16:XFD16))} -> 0 | K6: =IF(AND(H7=TRUE,I7=TRUE),"Pass","Fail") -> Fail
H7: =IF(Liq!B3>='R1_MB'!H6,FALSE,TRUE) -> FALSE | I7: =IF(Liq!B6<='R1_MB'!I6,FALSE,TRUE) -> TRUE
A8: Flow Rate of Liquid Feed [g/h] | C8: =Liq!B13 -> 0.5
A9: Flow Rate of Gas Feed [g/h] | C9: =IFERROR(Gas!B12-Gas!B20,"") -> 2.5568051 | D9: (Without Ar)
A10: Flow Rate of HC TLP [g/h] | C10: =Liq!B40 -> 0
A11: Flow Rate of Aqueous TLP [g/h] | C11: =Liq!B41 -> 0
A12: Flow Rate of Gas Product [g/h] | C12: =SUM(C52:C74,C76:C80) -> 2.5902325 | D12: (Without Ar)
A13: Mass Balance Closure [%] | C13: =IFERROR(100*(C12+C11+C10)/(C9+C8),"") -> 84.736596
A15: GC Analysis Rep Number for the Reactor
A16: Date and Time
A17: Cumulative Time Lapsed [min] | E17: =IF(E15="", "", (E16-$D$16)*1440) | F17: =IF(F15="", "", (F16-$D$16)*1440) | G17: =IF(G15="", "", (G16-$D$16)*1440) | H17: =IF(H15="", "", (H16-$D$16)*1440) | I17: =IF(I15="", "", (I16-$D$16)*1440) | J17: =IF(J15="", "", (J16-$D$16)*1440) | K17: =IF(K15="", "", (K16-$D$16)*1440) | L17: =IF(L15="", "", (L16-$D$16)*1440) | ... AB17: =IF(AB15="", "", (AB16-$D$16)*1440)
A18: Time Elapsed Between Two Reps [min] | E18: =IF(E17="", "", E17-D17) | F18: =IF(F17="", "", F17-E17) | G18: =IF(G17="", "", G17-F17) | H18: =IF(H17="", "", H17-G17) | I18: =IF(I17="", "", I17-H17) | J18: =IF(J17="", "", J17-I17) | K18: =IF(K17="", "", K17-J17) | L18: =IF(L17="", "", L17-K17) | ... AB18: =IF(AB17="", "", AB17-AA17)
A19: Normalized Mol% | B19: Mol Wt
A20: Methane | B20: 16.04 | D20: 2.562962 | E20: 2.589108 | F20: 2.590509 | G20: 2.592991 | H20: 2.648659 | I20: 2.654462 | J20: 2.639587 | K20: 2.647193 | L20: 2.610692 | M20: 2.616605 | N20: 2.607807 | O20: 2.616981 | AC20: =IFERROR(_xlfn.STDEV.S(E20:AB20),"") -> 0.024369838 | AD20: =IFERROR(AVERAGE(E20:AB20),"") -> 2.6195085 | AE20: =IFERROR(AD20+(2*AC20),"") -> 2.6682482
A21: Ethane | B21: 30.07 | D21: 0.002815 | E21: 0.006575 | F21: 0.006072 | G21: 0.005461 | H21: 0.001359 | I21: 0.001282 | J21: 0.001245 | K21: 0.001226 | L21: 0.00142 | M21: 0.001308 | N21: 0.001327 | O21: 0.001296 | AC21: =IFERROR(_xlfn.STDEV.S(E21:AB21),"") -> 0.0022231592 | AD21: =IFERROR(AVERAGE(E21:AB21),"") -> 0.0025973636 | AE21: =IFERROR(AD21+(2*AC21),"") -> 0.007043682
A22: Ethylene | B22: 28.05 | D22: 1.574832 | E22: 1.625097 | F22: 1.629188 | G22: 1.629592 | H22: 1.664953 | I22: 1.668622 | J22: 1.662825 | K22: 1.663445 | L22: 1.648668 | M22: 1.651386 | N22: 1.645274 | O22: 1.652523 | AC22: =IFERROR(_xlfn.STDEV.S(E22:AB22),"") -> 0.015528506 | AD22: =IFERROR(AVERAGE(E22:AB22),"") -> 1.6492339 | AE22: =IFERROR(AD22+(2*AC22),"") -> 1.6802909
A23: Propane | B23: 44.1 | D23: 0 | E23: 0 | F23: 0 | G23: 0 | H23: 0 | I23: 0 | J23: 0 | K23: 0 | L23: 0 | M23: 0 | N23: 0 | O23: 0 | AC23: =IFERROR(_xlfn.STDEV.S(E23:AB23),"") -> 0 | AD23: =IFERROR(AVERAGE(E23:AB23),"") -> 0 | AE23: =IFERROR(AD23+(2*AC23),"") -> 0
A24: Propylene | B24: 42.08 | D24: 0.001619 | E24: 0.002609 | F24: 0.001866 | G24: 0.001515 | H24: 0 | I24: 0 | J24: 0 | K24: 0 | L24: 0 | M24: 0 | N24: 0 | O24: 0 | AC24: =IFERROR(_xlfn.STDEV.S(E24:AB24),"") -> 0.0009655172 | AD24: =IFERROR(AVERAGE(E24:AB24),"") -> 0.00054454545 | AE24: =IFERROR(AD24+(2*AC24),"") -> 0.0024755799
A25: Butane | B25: 58.12 | D25: 0.00061 | E25: 0.000532 | F25: 0.000407 | G25: 0.000357 | H25: 0 | I25: 0 | J25: 0 | K25: 0 | L25: 0 | M25: 0 | N25: 0 | O25: 0 | AC25: =IFERROR(_xlfn.STDEV.S(E25:AB25),"") -> 0.00020577406 | AD25: =IFERROR(AVERAGE(E25:AB25),"") -> 0.00011781818 | AE25: =IFERROR(AD25+(2*AC25),"") -> 0.0005293663
A26: Pentane | B26: 72.15 | D26: 0 | E26: 0 | F26: 0 | G26: 0 | H26: 0 | I26: 0 | J26: 0 | K26: 0 | L26: 0 | M26: 0 | N26: 0 | O26: 0 | AC26: =IFERROR(_xlfn.STDEV.S(E26:AB26),"") -> 0 | AD26: =IFERROR(AVERAGE(E26:AB26),"") -> 0 | AE26: =IFERROR(AD26+(2*AC26),"") -> 0
A27: C6s (Isomers of hexane?) | B27: 86.18 | D27: 0.000757 | E27: 0.001431 | F27: 0.000372 | G27: 0.000248 | H27: 0 | I27: 0 | J27: 0 | K27: 0 | L27: 0 | M27: 0 | N27: 0 | O27: 0 | AC27: =IFERROR(_xlfn.STDEV.S(E27:AB27),"") -> 0.00043188317 | AD27: =IFERROR(AVERAGE(E27:AB27),"") -> 0.00018645455 | AE27: =IFERROR(AD27+(2*AC27),"") -> 0.0010502209
A28: Hexane | B28: 86.18 | D28: 0 | E28: 0 | F28: 0 | G28: 0 | H28: 0 | I28: 0 | J28: 0 | K28: 0 | L28: 0 | M28: 0 | N28: 0 | O28: 0 | AC28: =IFERROR(_xlfn.STDEV.S(E28:AB28),"") -> 0 | AD28: =IFERROR(AVERAGE(E28:AB28),"") -> 0 | AE28: =IFERROR(AD28+(2*AC28),"") -> 0
A29: C4 | B29: 58.12 | D29: 0 | E29: 0.013741 | F29: 0.011877 | G29: 0.012342 | H29: 0 | I29: 0 | J29: 0 | K29: 0 | L29: 0 | M29: 0 | N29: 0 | O29: 0 | AC29: =IFERROR(_xlfn.STDEV.S(E29:AB29),"") -> 0.0059262692 | AD29: =IFERROR(AVERAGE(E29:AB29),"") -> 0.0034509091 | AE29: =IFERROR(AD29+(2*AC29),"") -> 0.015303447
A30: C5 | B30: 72.15 | D30: 0 | E30: 0 | F30: 0 | G30: 0 | H30: 0 | I30: 0 | J30: 0 | K30: 0 | L30: 0 | M30: 0 | N30: 0 | O30: 0 | AC30: =IFERROR(_xlfn.STDEV.S(E30:AB30),"") -> 0 | AD30: =IFERROR(AVERAGE(E30:AB30),"") -> 0 | AE30: =IFERROR(AD30+(2*AC30),"") -> 0
A31: C6 | B31: 86.18 | D31: 0.000757 | E31: 0.001431 | F31: 0.000372 | G31: 0.000248 | H31: 0 | I31: 0 | J31: 0 | K31: 0 | L31: 0 | M31: 0 | N31: 0 | O31: 0 | AC31: =IFERROR(_xlfn.STDEV.S(E31:AB31),"") -> 0.00043188317 | AD31: =IFERROR(AVERAGE(E31:AB31),"") -> 0.00018645455 | AE31: =IFERROR(AD31+(2*AC31),"") -> 0.0010502209
... A48: N2 | B48: 28.0134 | D48: 58.127076 | E48: 58.736901 | F48: 58.835983 | G48: 58.879727 | H48: 58.714565 | I48: 58.8611 | J48: 57.869145 | K48: 58.498389 | L48: 59.328628 | M48: 59.297252 | N48: 59.315772 | O48: 59.405 | AC48: =IFERROR(_xlfn.STDEV.S(E48:AB48),"") -> 0.45366612 | AD48: =IFERROR(AVERAGE(E48:AB48),"") -> 58.885678 | AE48: =IFERROR(AD48+(2*AC48),"") -> 59.793011
AC49: =IFERROR(_xlfn.STDEV.S(E49:AB49),"") | AD49: =IFERROR(AVERAGE(E49:AB49),"") | AE49: =IFERROR(AD49+(2*AC49),"")
A51: Mass Flow Rates of Each Molecule | C51: Avg Flow Rate | AC51: C" Mass Flow Rate (g/h) | AD51: Number of "C' Atom
A52: =IF(A20="", "", CONCATENATE(A20, " [g/h]")) -> Methane [g/h] | C52: =IFERROR(AVERAGE(D52:AB52), "") -> 0.054414622 | D52: =IF(SUM(D20:D48)=0, "", (D20*$B20/(D$43*$B$43))*$F$5) -> 0.042570468 | E52: =IF(SUM(E20:E48)=0, "", (E20*$B20/(E$43*$B$43))*$F$5) -> 0.055183722 | F52: =IF(SUM(F20:F48)=0, "", (F20*$B20/(F$43*$B$43))*$F$5) -> 0.055345956 | G52: =IF(SUM(G20:G48)=0, "", (G20*$B20/(G$43*$B$43))*$F$5) -> 0.055118511 | H52: =IF(SUM(H20:H48)=0, "", (H20*$B20/(H$43*$B$43))*$F$5) -> 0.056217087 | I52: =IF(SUM(I20:I48)=0, "", (I20*$B20/(I$43*$B$43))*$F$5) -> 0.05585956 | J52: =IF(SUM(J20:J48)=0, "", (J20*$B20/(J$43*$B$43))*$F$5) -> 0.05679517 | K52: =IF(SUM(K20:K48)=0, "", (K20*$B20/(K$43*$B$43))*$F$5) -> 0.056440777 | ... AB52: =IF(SUM(AB20:AB48)=0, "", (AB20*$B20/(AB$43*$B$43))*$F$5) | AC52: =(12.011*$AD52/$B20)*$C52 -> 0.04074651 | AD52: 1
A53: =IF(A21="", "", CONCATENATE(A21, " [g/h]")) -> Ethane [g/h] | C53: =IFERROR(AVERAGE(D53:AB53), "") -> 0.00010213859 | D53: =IF(SUM(D21:D49)=0, "", (D21*$B21/(D$43*$B$43))*$F$5) -> 8.76544e-05 | E53: =IF(SUM(E21:E49)=0, "", (E21*$B21/(E$43*$B$43))*$F$5) -> 0.00026271547 | F53: =IF(SUM(F21:F49)=0, "", (F21*$B21/(F$43*$B$43))*$F$5) -> 0.00024319891 | G53: =IF(SUM(G21:G49)=0, "", (G21*$B21/(G$43*$B$43))*$F$5) -> 0.00021761945 | H53: =IF(SUM(H21:H49)=0, "", (H21*$B21/(H$43*$B$43))*$F$5) -> 5.4074288e-05 | I53: =IF(SUM(I21:I49)=0, "", (I21*$B21/(I$43*$B$43))*$F$5) -> 5.0575256e-05 | J53: =IF(SUM(J21:J49)=0, "", (J21*$B21/(J$43*$B$43))*$F$5) -> 5.0219668e-05 | K53: =IF(SUM(K21:K49)=0, "", (K21*$B21/(K$43*$B$43))*$F$5) -> 4.9003479e-05 | ... AB53: =IF(SUM(AB21:AB49)=0, "", (AB21*$B21/(AB$43*$B$43))*$F$5) | AC53: =(12.011*$AD53/$B21)*$C53 -> 8.1595385e-05 | AD53: 2
A54: =IF(A22="", "", CONCATENATE(A22, " [g/h]")) -> Ethylene [g/h] | C54: =IFERROR(AVERAGE(D54:AB54), "") -> 0.059816454 | D54: =IF(SUM(D22:D50)=0, "", (D22*$B22/(D$43*$B$43))*$F$5) -> 0.045743458 | E54: =IF(SUM(E22:E50)=0, "", (E22*$B22/(E$43*$B$43))*$F$5) -> 0.06057154 | F54: =IF(SUM(F22:F50)=0, "", (F22*$B22/(F$43*$B$43))*$F$5) -> 0.060869606 | G54: =IF(SUM(G22:G50)=0, "", (G22*$B22/(G$43*$B$43))*$F$5) -> 0.060576454 | H54: =IF(SUM(H22:H50)=0, "", (H22*$B22/(H$43*$B$43))*$F$5) -> 0.061797765 | I54: =IF(SUM(I22:I50)=0, "", (I22*$B22/(I$43*$B$43))*$F$5) -> 0.061405528 | J54: =IF(SUM(J22:J50)=0, "", (J22*$B22/(J$43*$B$43))*$F$5) -> 0.06256774 | K54: =IF(SUM(K22:K50)=0, "", (K22*$B22/(K$43*$B$43))*$F$5) -> 0.062021794 | ... AB54: =IF(SUM(AB22:AB50)=0, "", (AB22*$B22/(AB$43*$B$43))*$F$5) | AC54: =(12.011*$AD54/$B22)*$C54 -> 0.051226769 | AD54: 2
A55: =IF(A23="", "", CONCATENATE(A23, " [g/h]")) -> Propane [g/h] | C55: =IFERROR(AVERAGE(D55:AB55), "") -> 0 | D55: =IF(SUM(D23:D51)=0, "", (D23*$B23/(D$43*$B$43))*$F$5) -> 0 | E55: =IF(SUM(E23:E51)=0, "", (E23*$B23/(E$43*$B$43))*$F$5) -> 0 | F55: =IF(SUM(F23:F51)=0, "", (F23*$B23/(F$43*$B$43))*$F$5) -> 0 | G55: =IF(SUM(G23:G51)=0, "", (G23*$B23/(G$43*$B$43))*$F$5) -> 0 | H55: =IF(SUM(H23:H51)=0, "", (H23*$B23/(H$43*$B$43))*$F$5) -> 0 | I55: =IF(SUM(I23:I51)=0, "", (I23*$B23/(I$43*$B$43))*$F$5) -> 0 | J55: =IF(SUM(J23:J51)=0, "", (J23*$B23/(J$43*$B$43))*$F$5) -> 0 | K55: =IF(SUM(K23:K51)=0, "", (K23*$B23/(K$43*$B$43))*$F$5) -> 0 | ... AB55: =IF(SUM(AB23:AB51)=0, "", (AB23*$B23/(AB$43*$B$43))*$F$5) | AC55: =(12.011*$AD55/$B23)*$C55 -> 0 | AD55: 3
A56: =IF(A24="", "", CONCATENATE(A24, " [g/h]")) -> Propylene [g/h] | C56: =IFERROR(AVERAGE(D56:AB56), "") -> 3.3792094e-05 | D56: =IF(SUM(D24:D52)=0, "", (D24*$B24/(D$43*$B$43))*$F$5) -> 7.0547962e-05 | E56: =IF(SUM(E24:E52)=0, "", (E24*$B24/(E$43*$B$43))*$F$5) -> 0.00014588353 | F56: =IF(SUM(F24:F52)=0, "", (F24*$B24/(F$43*$B$43))*$F$5) -> 0.00010458847 | G56: =IF(SUM(G24:G52)=0, "", (G24*$B24/(G$43*$B$43))*$F$5) -> 8.4485167e-05 | H56: =IF(SUM(H24:H52)=0, "", (H24*$B24/(H$43*$B$43))*$F$5) -> 0 | I56: =IF(SUM(I24:I52)=0, "", (I24*$B24/(I$43*$B$43))*$F$5) -> 0 | J56: =IF(SUM(J24:J52)=0, "", (J24*$B24/(J$43*$B$43))*$F$5) -> 0 | K56: =IF(SUM(K24:K52)=0, "", (K24*$B24/(K$43*$B$43))*$F$5) -> 0 | ... AB56: =IF(SUM(AB24:AB52)=0, "", (AB24*$B24/(AB$43*$B$43))*$F$5) | AC56: =(12.011*$AD56/$B24)*$C56 -> 2.8936087e-05 | AD56: 3
A57: =IF(A25="", "", CONCATENATE(A25, " [g/h]")) -> Butane [g/h] | C57: =IFERROR(AVERAGE(D57:AB57), "") -> 1.1400291e-05 | D57: =IF(SUM(D25:D53)=0, "", (D25*$B25/(D$43*$B$43))*$F$5) -> 3.6712785e-05 | E57: =IF(SUM(E25:E53)=0, "", (E25*$B25/(E$43*$B$43))*$F$5) -> 4.1085984e-05 | F57: =IF(SUM(F25:F53)=0, "", (F25*$B25/(F$43*$B$43))*$F$5) -> 3.1507681e-05 | G57: =IF(SUM(G25:G53)=0, "", (G25*$B25/(G$43*$B$43))*$F$5) -> 2.7497039e-05 | H57: =IF(SUM(H25:H53)=0, "", (H25*$B25/(H$43*$B$43))*$F$5) -> 0 | I57: =IF(SUM(I25:I53)=0, "", (I25*$B25/(I$43*$B$43))*$F$5) -> 0 | J57: =IF(SUM(J25:J53)=0, "", (J25*$B25/(J$43*$B$43))*$F$5) -> 0 | K57: =IF(SUM(K25:K53)=0, "", (K25*$B25/(K$43*$B$43))*$F$5) -> 0 | ... AB57: =IF(SUM(AB25:AB53)=0, "", (AB25*$B25/(AB$43*$B$43))*$F$5) | AC57: =(12.011*$AD57/$B25)*$C57 -> 9.4238742e-06 | AD57: 4
A58: =IF(A26="", "", CONCATENATE(A26, " [g/h]")) -> Pentane [g/h] | C58: =IFERROR(AVERAGE(D58:AB58), "") -> 0 | D58: =IF(SUM(D26:D54)=0, "", (D26*$B26/(D$43*$B$43))*$F$5) -> 0 | E58: =IF(SUM(E26:E54)=0, "", (E26*$B26/(E$43*$B$43))*$F$5) -> 0 | F58: =IF(SUM(F26:F54)=0, "", (F26*$B26/(F$43*$B$43))*$F$5) -> 0 | G58: =IF(SUM(G26:G54)=0, "", (G26*$B26/(G$43*$B$43))*$F$5) -> 0 | H58: =IF(SUM(H26:H54)=0, "", (H26*$B26/(H$43*$B$43))*$F$5) -> 0 | I58: =IF(SUM(I26:I54)=0, "", (I26*$B26/(I$43*$B$43))*$F$5) -> 0 | J58: =IF(SUM(J26:J54)=0, "", (J26*$B26/(J$43*$B$43))*$F$5) -> 0 | K58: =IF(SUM(K26:K54)=0, "", (K26*$B26/(K$43*$B$43))*$F$5) -> 0 | ... AB58: =IF(SUM(AB26:AB54)=0, "", (AB26*$B26/(AB$43*$B$43))*$F$5) | AC58: =(12.011*$AD58/$B26)*$C58 -> 0 | AD58: 5
A59: =IF(A27="", "", CONCATENATE(A27, " [g/h]")) -> C6s (Isomers of hexane?) [g/h] | C59: =IFERROR(AVERAGE(D59:AB59), "") -> 2.5204393e-05 | D59: =IF(SUM(D27:D55)=0, "", (D27*$B27/(D$43*$B$43))*$F$5) -> 6.7556052e-05 | E59: =IF(SUM(E27:E55)=0, "", (E27*$B27/(E$43*$B$43))*$F$5) -> 0.00016387118 | F59: =IF(SUM(F27:F55)=0, "", (F27*$B27/(F$43*$B$43))*$F$5) -> 4.2701768e-05 | G59: =IF(SUM(G27:G55)=0, "", (G27*$B27/(G$43*$B$43))*$F$5) -> 2.8323719e-05 | H59: =IF(SUM(H27:H55)=0, "", (H27*$B27/(H$43*$B$43))*$F$5) -> 0 | I59: =IF(SUM(I27:I55)=0, "", (I27*$B27/(I$43*$B$43))*$F$5) -> 0 | J59: =IF(SUM(J27:J55)=0, "", (J27*$B27/(J$43*$B$43))*$F$5) -> 0 | K59: =IF(SUM(K27:K55)=0, "", (K27*$B27/(K$43*$B$43))*$F$5) -> 0 | ... AB59: =IF(SUM(AB27:AB55)=0, "", (AB27*$B27/(AB$43*$B$43))*$F$5) | AC59: =(12.011*$AD59/$B27)*$C59 -> 2.1076582e-05 | AD59: 6
A60: =IF(A28="", "", CONCATENATE(A28, " [g/h]")) -> Hexane [g/h] | C60: =IFERROR(AVERAGE(D60:AB60), "") -> 0 | D60: =IF(SUM(D28:D56)=0, "", (D28*$B28/(D$43*$B$43))*$F$5) -> 0 | E60: =IF(SUM(E28:E56)=0, "", (E28*$B28/(E$43*$B$43))*$F$5) -> 0 | F60: =IF(SUM(F28:F56)=0, "", (F28*$B28/(F$43*$B$43))*$F$5) -> 0 | G60: =IF(SUM(G28:G56)=0, "", (G28*$B28/(G$43*$B$43))*$F$5) -> 0 | H60: =IF(SUM(H28:H56)=0, "", (H28*$B28/(H$43*$B$43))*$F$5) -> 0 | I60: =IF(SUM(I28:I56)=0, "", (I28*$B28/(I$43*$B$43))*$F$5) -> 0 | J60: =IF(SUM(J28:J56)=0, "", (J28*$B28/(J$43*$B$43))*$F$5) -> 0 | K60: =IF(SUM(K28:K56)=0, "", (K28*$B28/(K$43*$B$43))*$F$5) -> 0 | ... AB60: =IF(SUM(AB28:AB56)=0, "", (AB28*$B28/(AB$43*$B$43))*$F$5) | AC60: =(12.011*$AD60/$B28)*$C60 -> 0 | AD60: 6
A61: =IF(A29="", "", CONCATENATE(A29, " [g/h]")) -> C4 [g/h] | C61: =IFERROR(AVERAGE(D61:AB61), "") -> 0.00024427259 | D61: =IF(SUM(D29:D57)=0, "", (D29*$B29/(D$43*$B$43))*$F$5) -> 0 | E61: =IF(SUM(E29:E57)=0, "", (E29*$B29/(E$43*$B$43))*$F$5) -> 0.0010612077 | F61: =IF(SUM(F29:F57)=0, "", (F29*$B29/(F$43*$B$43))*$F$5) -> 0.00091945142 | G61: =IF(SUM(G29:G57)=0, "", (G29*$B29/(G$43*$B$43))*$F$5) -> 0.0009506119 | H61: =IF(SUM(H29:H57)=0, "", (H29*$B29/(H$43*$B$43))*$F$5) -> 0 | I61: =IF(SUM(I29:I57)=0, "", (I29*$B29/(I$43*$B$43))*$F$5) -> 0 | J61: =IF(SUM(J29:J57)=0, "", (J29*$B29/(J$43*$B$43))*$F$5) -> 0 | K61: =IF(SUM(K29:K57)=0, "", (K29*$B29/(K$43*$B$43))*$F$5) -> 0 | ... AB61: =IF(SUM(AB29:AB57)=0, "", (AB29*$B29/(AB$43*$B$43))*$F$5) | AC61: =(12.011*$AD61/$B29)*$C61 -> 0.00020192416 | AD61: 4
A62: =IF(A30="", "", CONCATENATE(A30, " [g/h]")) -> C5 [g/h] | C62: =IFERROR(AVERAGE(D62:AB62), "") -> 0 | D62: =IF(SUM(D30:D58)=0, "", (D30*$B30/(D$43*$B$43))*$F$5) -> 0 | E62: =IF(SUM(E30:E58)=0, "", (E30*$B30/(E$43*$B$43))*$F$5) -> 0 | F62: =IF(SUM(F30:F58)=0, "", (F30*$B30/(F$43*$B$43))*$F$5) -> 0 | G62: =IF(SUM(G30:G58)=0, "", (G30*$B30/(G$43*$B$43))*$F$5) -> 0 | H62: =IF(SUM(H30:H58)=0, "", (H30*$B30/(H$43*$B$43))*$F$5) -> 0 | I62: =IF(SUM(I30:I58)=0, "", (I30*$B30/(I$43*$B$43))*$F$5) -> 0 | J62: =IF(SUM(J30:J58)=0, "", (J30*$B30/(J$43*$B$43))*$F$5) -> 0 | K62: =IF(SUM(K30:K58)=0, "", (K30*$B30/(K$43*$B$43))*$F$5) -> 0 | ... AB62: =IF(SUM(AB30:AB58)=0, "", (AB30*$B30/(AB$43*$B$43))*$F$5) | AC62: =(12.011*$AD62/$B30)*$C62 -> 0 | AD62: 5
A63: =IF(A31="", "", CONCATENATE(A31, " [g/h]")) -> C6 [g/h] | C63: =IFERROR(AVERAGE(D63:AB63), "") -> 2.5204393e-05 | D63: =IF(SUM(D31:D59)=0, "", (D31*$B31/(D$43*$B$43))*$F$5) -> 6.7556052e-05 | E63: =IF(SUM(E31:E59)=0, "", (E31*$B31/(E$43*$B$43))*$F$5) -> 0.00016387118 | F63: =IF(SUM(F31:F59)=0, "", (F31*$B31/(F$43*$B$43))*$F$5) -> 4.2701768e-05 | G63: =IF(SUM(G31:G59)=0, "", (G31*$B31/(G$43*$B$43))*$F$5) -> 2.8323719e-05 | H63: =IF(SUM(H31:H59)=0, "", (H31*$B31/(H$43*$B$43))*$F$5) -> 0 | I63: =IF(SUM(I31:I59)=0, "", (I31*$B31/(I$43*$B$43))*$F$5) -> 0 | J63: =IF(SUM(J31:J59)=0, "", (J31*$B31/(J$43*$B$43))*$F$5) -> 0 | K63: =IF(SUM(K31:K59)=0, "", (K31*$B31/(K$43*$B$43))*$F$5) -> 0 | ... AB63: =IF(SUM(AB31:AB59)=0, "", (AB31*$B31/(AB$43*$B$43))*$F$5) | AC63: =(12.011*$AD63/$B31)*$C63 -> 2.1076582e-05 | AD63: 6
... A80: =IF(A48="", "", CONCATENATE(A48, " [g/h]")) -> N2 [g/h] | C80: =IFERROR(AVERAGE(D80:AB80), "") -> 2.1374472 | D80: =IF(SUM(D48:D76)=0, "", (D48*$B48/(D$43*$B$43))*$F$5) -> 1.6861888 | E80: =IF(SUM(E48:E76)=0, "", (E48*$B48/(E$43*$B$43))*$F$5) -> 2.1864186 | F80: =IF(SUM(F48:F76)=0, "", (F48*$B48/(F$43*$B$43))*$F$5) -> 2.1953575 | G80: =IF(SUM(G48:G76)=0, "", (G48*$B48/(G$43*$B$43))*$F$5) -> 2.1858669 | H80: =IF(SUM(H48:H76)=0, "", (H48*$B48/(H$43*$B$43))*$F$5) -> 2.1764545 | I80: =IF(SUM(I48:I76)=0, "", (I48*$B48/(I$43*$B$43))*$F$5) -> 2.1632705 | J80: =IF(SUM(J48:J76)=0, "", (J48*$B48/(J$43*$B$43))*$F$5) -> 2.1746228 | K80: =IF(SUM(K48:K76)=0, "", (K48*$B48/(K$43*$B$43))*$F$5) -> 2.1782752 | ... AB80: =IF(SUM(AB48:AB76)=0, "", (AB48*$B48/(AB$43*$B$43))*$F$5) | AC80: =(12.011*$AD80/$B48)*$C80 -> 0 | AD80: 0
A81: =IF(A49="", "", CONCATENATE(A49, " [g/h]")) | C81: =IFERROR(AVERAGE(D81:AB81), "") -> 0 | D81: =IF(SUM(D49:D77)=0, "", (D49*$B49/(D$43*$B$43))*$F$5) -> 0 | E81: =IF(SUM(E49:E77)=0, "", (E49*$B49/(E$43*$B$43))*$F$5) -> 0 | F81: =IF(SUM(F49:F77)=0, "", (F49*$B49/(F$43*$B$43))*$F$5) -> 0 | G81: =IF(SUM(G49:G77)=0, "", (G49*$B49/(G$43*$B$43))*$F$5) -> 0 | H81: =IF(SUM(H49:H77)=0, "", (H49*$B49/(H$43*$B$43))*$F$5) -> 0 | I81: =IF(SUM(I49:I77)=0, "", (I49*$B49/(I$43*$B$43))*$F$5) -> 0 | J81: =IF(SUM(J49:J77)=0, "", (J49*$B49/(J$43*$B$43))*$F$5) -> 0 | K81: =IF(SUM(K49:K77)=0, "", (K49*$B49/(K$43*$B$43))*$F$5) -> 0 | ... AB81: =IF(SUM(AB49:AB77)=0, "", (AB49*$B49/(AB$43*$B$43))*$F$5)
A82: Flow Rate of HC Gases [g/h] | C82: =IFERROR(AVERAGE(D82:AB82), "") -> 0.39609022 | D82: =IF(SUM(D52:D81)=0,"",SUM(D52:D73,D78,D79)) -> 0.3039508 | E82: =IF(SUM(E52:E81)=0,"",SUM(E52:E73,E78,E79)) -> 0.41266569 | F82: =IF(SUM(F52:F81)=0,"",SUM(F52:F73,F78,F79)) -> 0.41291331 | G82: =IF(SUM(G52:G81)=0,"",SUM(G52:G73,G78,G79)) -> 0.4114582 | H82: =IF(SUM(H52:H81)=0,"",SUM(H52:H73,H78,H79)) -> 0.41410199 | I82: =IF(SUM(I52:I81)=0,"",SUM(I52:I73,I78,I79)) -> 0.41602045 | J82: =IF(SUM(J52:J81)=0,"",SUM(J52:J73,J78,J79)) -> 0.41982475 | K82: =IF(SUM(K52:K81)=0,"",SUM(K52:K73,K78,K79)) -> 0.41617853 | ... AB82: =IF(SUM(AB52:AB81)=0,"",SUM(AB52:AB73,AB78,AB79))
A83: Flow Rate of COx Gases [g/h] | C83: =IFERROR(AVERAGE(D83:AB83), "") -> 0 | D83: =IFERROR(D74+D76,"") -> 0 | E83: =IFERROR(E74+E76,"") -> 0 | F83: =IFERROR(F74+F76,"") -> 0 | G83: =IFERROR(G74+G76,"") -> 0 | H83: =IFERROR(H74+H76,"") -> 0 | I83: =IFERROR(I74+I76,"") -> 0 | J83: =IFERROR(J74+J76,"") -> 0 | K83: =IFERROR(K74+K76,"") -> 0 | ... AB83: =IFERROR(AB74+AB76,"")
A84: Flow Rate of HC & COx Gases [g/h] | C84: =IFERROR(AVERAGE(D84:AB84), "") -> 0.39609022 | D84: =IF(SUM(D82:D83)=0,"",SUM(D82:D83)) -> 0.3039508 | E84: =IF(SUM(E82:E83)=0,"",SUM(E82:E83)) -> 0.41266569 | F84: =IF(SUM(F82:F83)=0,"",SUM(F82:F83)) -> 0.41291331 | G84: =IF(SUM(G82:G83)=0,"",SUM(G82:G83)) -> 0.4114582 | H84: =IF(SUM(H82:H83)=0,"",SUM(H82:H83)) -> 0.41410199 | I84: =IF(SUM(I82:I83)=0,"",SUM(I82:I83)) -> 0.41602045 | J84: =IF(SUM(J82:J83)=0,"",SUM(J82:J83)) -> 0.41982475 | K84: =IF(SUM(K82:K83)=0,"",SUM(K82:K83)) -> 0.41617853 | ... AB84: =IF(SUM(AB82:AB83)=0,"",SUM(AB82:AB83))
A86: Total Volumetric Flow rate out [NL/h] | C86: =IFERROR(AVERAGE(D86:AB86), "") -> 159.70411 | D86: =IF(D$75="","",D$75/Gas!$I$35*Gas!$B$11) -> 159.70411 | E86: =IF(E$75="","",E$75/Gas!$I$35*Gas!$B$11) -> 159.70411 | F86: =IF(F$75="","",F$75/Gas!$I$35*Gas!$B$11) -> 159.70411 | G86: =IF(G$75="","",G$75/Gas!$I$35*Gas!$B$11) -> 159.70411 | H86: =IF(H$75="","",H$75/Gas!$I$35*Gas!$B$11) -> 159.70411 | I86: =IF(I$75="","",I$75/Gas!$I$35*Gas!$B$11) -> 159.70411 | J86: =IF(J$75="","",J$75/Gas!$I$35*Gas!$B$11) -> 159.70411 | K86: =IF(K$75="","",K$75/Gas!$I$35*Gas!$B$11) -> 159.70411 | ... AB86: =IF(AB$75="","",AB$75/Gas!$I$35*Gas!$B$11)
A87: Volumetric Flow Rates of Each Molecule | C87: Avg Flow Rate
A88: =IF(A20="", "", CONCATENATE(A20, " [Nl/h]")) -> Methane [Nl/h] | C88: =IFERROR(AVERAGE(D88:AB88), "") -> 4.1759371 | D88: =IF(D$86="","",D20/100*D$86) -> 4.0931556 | E88: =IF(E$86="","",E20/100*E$86) -> 4.1349118 | F88: =IF(F$86="","",F20/100*F$86) -> 4.1371493 | G88: =IF(G$86="","",G20/100*G$86) -> 4.1411131 | H88: =IF(H$86="","",H20/100*H$86) -> 4.2300172 | I88: =IF(I$86="","",I20/100*I$86) -> 4.2392848 | J88: =IF(J$86="","",J20/100*J$86) -> 4.2155288 | K88: =IF(K$86="","",K20/100*K$86) -> 4.2276759 | ... AB88: =IF(AB$86="","",AB20/100*AB$86)
A89: =IF(A21="", "", CONCATENATE(A21, " [Nl/h]")) -> Ethane [Nl/h] | C89: =IFERROR(AVERAGE(D89:AB89), "") -> 0.0041770609 | D89: =IF(D$86="","",D21/100*D$86) -> 0.0044956706 | E89: =IF(E$86="","",E21/100*E$86) -> 0.010500545 | F89: =IF(F$86="","",F21/100*F$86) -> 0.0096972334 | G89: =IF(G$86="","",G21/100*G$86) -> 0.0087214413 | H89: =IF(H$86="","",H21/100*H$86) -> 0.0021703788 | I89: =IF(I$86="","",I21/100*I$86) -> 0.0020474067 | J89: =IF(J$86="","",J21/100*J$86) -> 0.0019883161 | K89: =IF(K$86="","",K21/100*K$86) -> 0.0019579724 | ... AB89: =IF(AB$86="","",AB21/100*AB$86)
A90: =IF(A22="", "", CONCATENATE(A22, " [Nl/h]")) -> Ethylene [Nl/h] | C90: =IFERROR(AVERAGE(D90:AB90), "") -> 2.6239924 | D90: =IF(D$86="","",D22/100*D$86) -> 2.5150714 | E90: =IF(E$86="","",E22/100*E$86) -> 2.5953467 | F90: =IF(F$86="","",F22/100*F$86) -> 2.6018801 | G90: =IF(G$86="","",G22/100*G$86) -> 2.6025254 | H90: =IF(H$86="","",H22/100*H$86) -> 2.6589983 | I90: =IF(I$86="","",I22/100*I$86) -> 2.6648579 | J90: =IF(J$86="","",J22/100*J$86) -> 2.6555998 | K90: =IF(K$86="","",K22/100*K$86) -> 2.65659 | ... AB90: =IF(AB$86="","",AB22/100*AB$86)
A91: =IF(A23="", "", CONCATENATE(A23, " [Nl/h]")) -> Propane [Nl/h] | C91: =IFERROR(AVERAGE(D91:AB91), "") -> 0 | D91: =IF(D$86="","",D23/100*D$86) -> 0 | E91: =IF(E$86="","",E23/100*E$86) -> 0 | F91: =IF(F$86="","",F23/100*F$86) -> 0 | G91: =IF(G$86="","",G23/100*G$86) -> 0 | H91: =IF(H$86="","",H23/100*H$86) -> 0 | I91: =IF(I$86="","",I23/100*I$86) -> 0 | J91: =IF(J$86="","",J23/100*J$86) -> 0 | K91: =IF(K$86="","",K23/100*K$86) -> 0 | ... AB91: =IF(AB$86="","",AB23/100*AB$86)
A92: =IF(A24="", "", CONCATENATE(A24, " [Nl/h]")) -> Propylene [Nl/h] | C92: =IFERROR(AVERAGE(D92:AB92), "") -> 0.0010126571 | D92: =IF(D$86="","",D24/100*D$86) -> 0.0025856095 | E92: =IF(E$86="","",E24/100*E$86) -> 0.0041666802 | F92: =IF(F$86="","",F24/100*F$86) -> 0.0029800786 | G92: =IF(G$86="","",G24/100*G$86) -> 0.0024195172 | H92: =IF(H$86="","",H24/100*H$86) -> 0 | I92: =IF(I$86="","",I24/100*I$86) -> 0 | J92: =IF(J$86="","",J24/100*J$86) -> 0 | K92: =IF(K$86="","",K24/100*K$86) -> 0 | ... AB92: =IF(AB$86="","",AB24/100*AB$86)
A93: =IF(A25="", "", CONCATENATE(A25, " [Nl/h]")) -> Butane [Nl/h] | C93: =IFERROR(AVERAGE(D93:AB93), "") -> 0.00025366336 | D93: =IF(D$86="","",D25/100*D$86) -> 0.00097419505 | E93: =IF(E$86="","",E25/100*E$86) -> 0.00084962585 | F93: =IF(F$86="","",F25/100*F$86) -> 0.00064999572 | G93: =IF(G$86="","",G25/100*G$86) -> 0.00057014366 | H93: =IF(H$86="","",H25/100*H$86) -> 0 | I93: =IF(I$86="","",I25/100*I$86) -> 0 | J93: =IF(J$86="","",J25/100*J$86) -> 0 | K93: =IF(K$86="","",K25/100*K$86) -> 0 | ... AB93: =IF(AB$86="","",AB25/100*AB$86)
A94: =IF(A26="", "", CONCATENATE(A26, " [Nl/h]")) -> Pentane [Nl/h] | C94: =IFERROR(AVERAGE(D94:AB94), "") -> 0 | D94: =IF(D$86="","",D26/100*D$86) -> 0 | E94: =IF(E$86="","",E26/100*E$86) -> 0 | F94: =IF(F$86="","",F26/100*F$86) -> 0 | G94: =IF(G$86="","",G26/100*G$86) -> 0 | H94: =IF(H$86="","",H26/100*H$86) -> 0 | I94: =IF(I$86="","",I26/100*I$86) -> 0 | J94: =IF(J$86="","",J26/100*J$86) -> 0 | K94: =IF(K$86="","",K26/100*K$86) -> 0 | ... AB94: =IF(AB$86="","",AB26/100*AB$86)
A95: =IF(A27="", "", CONCATENATE(A27, " [Nl/h]")) -> C6s (Isomers of hexane?) [Nl/h] | C95: =IFERROR(AVERAGE(D95:AB95), "") -> 0.00037370761 | D95: =IF(D$86="","",D27/100*D$86) -> 0.0012089601 | E95: =IF(E$86="","",E27/100*E$86) -> 0.0022853658 | F95: =IF(F$86="","",F27/100*F$86) -> 0.00059409928 | G95: =IF(G$86="","",G27/100*G$86) -> 0.00039606619 | H95: =IF(H$86="","",H27/100*H$86) -> 0 | I95: =IF(I$86="","",I27/100*I$86) -> 0 | J95: =IF(J$86="","",J27/100*J$86) -> 0 | K95: =IF(K$86="","",K27/100*K$86) -> 0 | ... AB95: =IF(AB$86="","",AB27/100*AB$86)
A96: =IF(A28="", "", CONCATENATE(A28, " [Nl/h]")) -> Hexane [Nl/h] | C96: =IFERROR(AVERAGE(D96:AB96), "") -> 0 | D96: =IF(D$86="","",D28/100*D$86) -> 0 | E96: =IF(E$86="","",E28/100*E$86) -> 0 | F96: =IF(F$86="","",F28/100*F$86) -> 0 | G96: =IF(G$86="","",G28/100*G$86) -> 0 | H96: =IF(H$86="","",H28/100*H$86) -> 0 | I96: =IF(I$86="","",I28/100*I$86) -> 0 | J96: =IF(J$86="","",J28/100*J$86) -> 0 | K96: =IF(K$86="","",K28/100*K$86) -> 0 | ... AB96: =IF(AB$86="","",AB28/100*AB$86)
A97: =IF(A29="", "", CONCATENATE(A29, " [Nl/h]")) -> C4 [Nl/h] | C97: =IFERROR(AVERAGE(D97:AB97), "") -> 0.0050519733 | D97: =IF(D$86="","",D29/100*D$86) -> 0 | E97: =IF(E$86="","",E29/100*E$86) -> 0.021944941 | F97: =IF(F$86="","",F29/100*F$86) -> 0.018968057 | G97: =IF(G$86="","",G29/100*G$86) -> 0.019710681 | H97: =IF(H$86="","",H29/100*H$86) -> 0 | I97: =IF(I$86="","",I29/100*I$86) -> 0 | J97: =IF(J$86="","",J29/100*J$86) -> 0 | K97: =IF(K$86="","",K29/100*K$86) -> 0 | ... AB97: =IF(AB$86="","",AB29/100*AB$86)
A98: =IF(A30="", "", CONCATENATE(A30, " [Nl/h]")) -> C5 [Nl/h] | C98: =IFERROR(AVERAGE(D98:AB98), "") -> 0 | D98: =IF(D$86="","",D30/100*D$86) -> 0 | E98: =IF(E$86="","",E30/100*E$86) -> 0 | F98: =IF(F$86="","",F30/100*F$86) -> 0 | G98: =IF(G$86="","",G30/100*G$86) -> 0 | H98: =IF(H$86="","",H30/100*H$86) -> 0 | I98: =IF(I$86="","",I30/100*I$86) -> 0 | J98: =IF(J$86="","",J30/100*J$86) -> 0 | K98: =IF(K$86="","",K30/100*K$86) -> 0 | ... AB98: =IF(AB$86="","",AB30/100*AB$86)
A99: =IF(A31="", "", CONCATENATE(A31, " [Nl/h]")) -> C6 [Nl/h] | C99: =IFERROR(AVERAGE(D99:AB99), "") -> 0.00037370761 | D99: =IF(D$86="","",D31/100*D$86) -> 0.0012089601 | E99: =IF(E$86="","",E31/100*E$86) -> 0.0022853658 | F99: =IF(F$86="","",F31/100*F$86) -> 0.00059409928 | G99: =IF(G$86="","",G31/100*G$86) -> 0.00039606619 | H99: =IF(H$86="","",H31/100*H$86) -> 0 | I99: =IF(I$86="","",I31/100*I$86) -> 0 | J99: =IF(J$86="","",J31/100*J$86) -> 0 | K99: =IF(K$86="","",K31/100*K$86) -> 0 | ... AB99: =IF(AB$86="","",AB31/100*AB$86)
... A116: =IF(A48="", "", CONCATENATE(A48, " [Nl/h]")) -> N2 [Nl/h] | C116: =IFERROR(AVERAGE(D116:AB116), "") -> 93.941887 | D116: =IF(D$86="","",D48/100*D$86) -> 92.831328 | E116: =IF(E$86="","",E48/100*E$86) -> 93.805243 | F116: =IF(F$86="","",F48/100*F$86) -> 93.963481 | G116: =IF(G$86="","",G48/100*G$86) -> 94.033342 | H116: =IF(H$86="","",H48/100*H$86) -> 93.769572 | I116: =IF(I$86="","",I48/100*I$86) -> 94.003594 | J116: =IF(J$86="","",J48/100*J$86) -> 92.419401 | K116: =IF(K$86="","",K48/100*K$86) -> 93.42433 | ... AB116: =IF(AB$86="","",AB48/100*AB$86)
A117: =IF(A49="", "", CONCATENATE(A49, " [Nl/h]")) | C117: =IFERROR(AVERAGE(D117:AB117), "")
A118: =IF(A50="", "", CONCATENATE(A50, " [Nl/h]")) | C118: =IFERROR(AVERAGE(D118:AB118), "")
A120: TOS Carbon of Each Molecule | C120: Avg C' [g/h] | D120: TOS [min] ⇒ | E120: =E$17 | F120: =F$17 | G120: =G$17 | H120: =H$17 | I120: =I$17 | J120: =J$17 | K120: =K$17 | L120: =L$17 | ... AB120: =AB$17
A121: Methane | C121: =IFERROR(AVERAGE(D121:AB121), "") -> 0.04074651 | D121: =IFERROR((12.011*$AD52/$B20)*D52,"") -> 0.031877425 | E121: =IFERROR((12.011*$AD52/$B20)*E52,"") -> 0.041322424 | F121: =IFERROR((12.011*$AD52/$B20)*F52,"") -> 0.041443908 | G121: =IFERROR((12.011*$AD52/$B20)*G52,"") -> 0.041273593 | H121: =IFERROR((12.011*$AD52/$B20)*H52,"") -> 0.042096224 | I121: =IFERROR((12.011*$AD52/$B20)*I52,"") -> 0.041828502 | J121: =IFERROR((12.011*$AD52/$B20)*J52,"") -> 0.042529101 | K121: =IFERROR((12.011*$AD52/$B20)*K52,"") -> 0.042263727 | ... AB121: =IFERROR((12.011*$AD52/$B20)*AB52,"")
A122: Ethane | C122: =IFERROR(AVERAGE(D122:AB122), "") -> 8.1595385e-05 | D122: =IFERROR((12.011*$AD53/$B21)*D53,"") -> 7.002441e-05 | E122: =IFERROR((12.011*$AD53/$B21)*E53,"") -> 0.00020987532 | F122: =IFERROR((12.011*$AD53/$B21)*F53,"") -> 0.00019428414 | G122: =IFERROR((12.011*$AD53/$B21)*G53,"") -> 0.0001738495 | H122: =IFERROR((12.011*$AD53/$B21)*H53,"") -> 4.3198289e-05 | I122: =IFERROR((12.011*$AD53/$B21)*I53,"") -> 4.040302e-05 | J122: =IFERROR((12.011*$AD53/$B21)*J53,"") -> 4.0118951e-05 | K122: =IFERROR((12.011*$AD53/$B21)*K53,"") -> 3.9147375e-05 | ... AB122: =IFERROR((12.011*$AD53/$B21)*AB53,"")
A123: Ethylene | C123: =IFERROR(AVERAGE(D123:AB123), "") -> 0.051226769 | D123: =IFERROR((12.011*$AD54/$B22)*D54,"") -> 0.039174665 | E123: =IFERROR((12.011*$AD54/$B22)*E54,"") -> 0.051873423 | F123: =IFERROR((12.011*$AD54/$B22)*F54,"") -> 0.052128688 | G123: =IFERROR((12.011*$AD54/$B22)*G54,"") -> 0.051877632 | H123: =IFERROR((12.011*$AD54/$B22)*H54,"") -> 0.052923562 | I123: =IFERROR((12.011*$AD54/$B22)*I54,"") -> 0.05258765 | J123: =IFERROR((12.011*$AD54/$B22)*J54,"") -> 0.053582968 | K123: =IFERROR((12.011*$AD54/$B22)*K54,"") -> 0.053115421 | ... AB123: =IFERROR((12.011*$AD54/$B22)*AB54,"")
A124: Propane | C124: =IFERROR(AVERAGE(D124:AB124), "") -> 0 | D124: =IFERROR((12.011*$AD55/$B23)*D55,"") -> 0 | E124: =IFERROR((12.011*$AD55/$B23)*E55,"") -> 0 | F124: =IFERROR((12.011*$AD55/$B23)*F55,"") -> 0 | G124: =IFERROR((12.011*$AD55/$B23)*G55,"") -> 0 | H124: =IFERROR((12.011*$AD55/$B23)*H55,"") -> 0 | I124: =IFERROR((12.011*$AD55/$B23)*I55,"") -> 0 | J124: =IFERROR((12.011*$AD55/$B23)*J55,"") -> 0 | K124: =IFERROR((12.011*$AD55/$B23)*K55,"") -> 0 | ... AB124: =IFERROR((12.011*$AD55/$B23)*AB55,"")
A125: Propylene | C125: =IFERROR(AVERAGE(D125:AB125), "") -> 2.8936087e-05 | D125: =IFERROR((12.011*$AD56/$B24)*D56,"") -> 6.0410046e-05 | E125: =IFERROR((12.011*$AD56/$B24)*E56,"") -> 0.00012491971 | F125: =IFERROR((12.011*$AD56/$B24)*F56,"") -> 8.9558845e-05 | G125: =IFERROR((12.011*$AD56/$B24)*G56,"") -> 7.2344439e-05 | H125: =IFERROR((12.011*$AD56/$B24)*H56,"") -> 0 | I125: =IFERROR((12.011*$AD56/$B24)*I56,"") -> 0 | J125: =IFERROR((12.011*$AD56/$B24)*J56,"") -> 0 | K125: =IFERROR((12.011*$AD56/$B24)*K56,"") -> 0 | ... AB125: =IFERROR((12.011*$AD56/$B24)*AB56,"")
A126: Butane | C126: =IFERROR(AVERAGE(D126:AB126), "") -> 9.4238742e-06 | D126: =IFERROR((12.011*$AD57/$B25)*D57,"") -> 3.0348057e-05 | E126: =IFERROR((12.011*$AD57/$B25)*E57,"") -> 3.3963094e-05 | F126: =IFERROR((12.011*$AD57/$B25)*F57,"") -> 2.6045338e-05 | G126: =IFERROR((12.011*$AD57/$B25)*G57,"") -> 2.2730002e-05 | H126: =IFERROR((12.011*$AD57/$B25)*H57,"") -> 0 | I126: =IFERROR((12.011*$AD57/$B25)*I57,"") -> 0 | J126: =IFERROR((12.011*$AD57/$B25)*J57,"") -> 0 | K126: =IFERROR((12.011*$AD57/$B25)*K57,"") -> 0 | ... AB126: =IFERROR((12.011*$AD57/$B25)*AB57,"")
A127: Pentane | C127: =IFERROR(AVERAGE(D127:AB127), "") -> 0 | D127: =IFERROR((12.011*$AD58/$B26)*D58,"") -> 0 | E127: =IFERROR((12.011*$AD58/$B26)*E58,"") -> 0 | F127: =IFERROR((12.011*$AD58/$B26)*F58,"") -> 0 | G127: =IFERROR((12.011*$AD58/$B26)*G58,"") -> 0 | H127: =IFERROR((12.011*$AD58/$B26)*H58,"") -> 0 | I127: =IFERROR((12.011*$AD58/$B26)*I58,"") -> 0 | J127: =IFERROR((12.011*$AD58/$B26)*J58,"") -> 0 | K127: =IFERROR((12.011*$AD58/$B26)*K58,"") -> 0 | ... AB127: =IFERROR((12.011*$AD58/$B26)*AB58,"")
A128: C6s (Isomers of hexane?) | C128: =IFERROR(AVERAGE(D128:AB128), "") -> 2.1076582e-05 | D128: =IFERROR((12.011*$AD59/$B27)*D59,"") -> 5.6492161e-05 | E128: =IFERROR((12.011*$AD59/$B27)*E59,"") -> 0.00013703342 | F128: =IFERROR((12.011*$AD59/$B27)*F59,"") -> 3.570835e-05 | G128: =IFERROR((12.011*$AD59/$B27)*G59,"") -> 2.3685044e-05 | H128: =IFERROR((12.011*$AD59/$B27)*H59,"") -> 0 | I128: =IFERROR((12.011*$AD59/$B27)*I59,"") -> 0 | J128: =IFERROR((12.011*$AD59/$B27)*J59,"") -> 0 | K128: =IFERROR((12.011*$AD59/$B27)*K59,"") -> 0 | ... AB128: =IFERROR((12.011*$AD59/$B27)*AB59,"")
A129: Hexane | C129: =IFERROR(AVERAGE(D129:AB129), "") -> 0 | D129: =IFERROR((12.011*$AD60/$B28)*D60,"") -> 0 | E129: =IFERROR((12.011*$AD60/$B28)*E60,"") -> 0 | F129: =IFERROR((12.011*$AD60/$B28)*F60,"") -> 0 | G129: =IFERROR((12.011*$AD60/$B28)*G60,"") -> 0 | H129: =IFERROR((12.011*$AD60/$B28)*H60,"") -> 0 | I129: =IFERROR((12.011*$AD60/$B28)*I60,"") -> 0 | J129: =IFERROR((12.011*$AD60/$B28)*J60,"") -> 0 | K129: =IFERROR((12.011*$AD60/$B28)*K60,"") -> 0 | ... AB129: =IFERROR((12.011*$AD60/$B28)*AB60,"")
A130: C4 | C130: =IFERROR(AVERAGE(D130:AB130), "") -> 0.00020192416 | D130: =IFERROR((12.011*$AD61/$B29)*D61,"") -> 0 | E130: =IFERROR((12.011*$AD61/$B29)*E61,"") -> 0.00087723097 | F130: =IFERROR((12.011*$AD61/$B29)*F61,"") -> 0.00076005031 | G130: =IFERROR((12.011*$AD61/$B29)*G61,"") -> 0.00078580864 | H130: =IFERROR((12.011*$AD61/$B29)*H61,"") -> 0 | I130: =IFERROR((12.011*$AD61/$B29)*I61,"") -> 0 | J130: =IFERROR((12.011*$AD61/$B29)*J61,"") -> 0 | K130: =IFERROR((12.011*$AD61/$B29)*K61,"") -> 0 | ... AB130: =IFERROR((12.011*$AD61/$B29)*AB61,"")
A131: C5 | C131: =IFERROR(AVERAGE(D131:AB131), "") -> 0 | D131: =IFERROR((12.011*$AD62/$B30)*D62,"") -> 0 | E131: =IFERROR((12.011*$AD62/$B30)*E62,"") -> 0 | F131: =IFERROR((12.011*$AD62/$B30)*F62,"") -> 0 | G131: =IFERROR((12.011*$AD62/$B30)*G62,"") -> 0 | H131: =IFERROR((12.011*$AD62/$B30)*H62,"") -> 0 | I131: =IFERROR((12.011*$AD62/$B30)*I62,"") -> 0 | J131: =IFERROR((12.011*$AD62/$B30)*J62,"") -> 0 | K131: =IFERROR((12.011*$AD62/$B30)*K62,"") -> 0 | ... AB131: =IFERROR((12.011*$AD62/$B30)*AB62,"")
A132: C6 | C132: =IFERROR(AVERAGE(D132:AB132), "") -> 2.1076582e-05 | D132: =IFERROR((12.011*$AD63/$B31)*D63,"") -> 5.6492161e-05 | E132: =IFERROR((12.011*$AD63/$B31)*E63,"") -> 0.00013703342 | F132: =IFERROR((12.011*$AD63/$B31)*F63,"") -> 3.570835e-05 | G132: =IFERROR((12.011*$AD63/$B31)*G63,"") -> 2.3685044e-05 | H132: =IFERROR((12.011*$AD63/$B31)*H63,"") -> 0 | I132: =IFERROR((12.011*$AD63/$B31)*I63,"") -> 0 | J132: =IFERROR((12.011*$AD63/$B31)*J63,"") -> 0 | K132: =IFERROR((12.011*$AD63/$B31)*K63,"") -> 0 | ... AB132: =IFERROR((12.011*$AD63/$B31)*AB63,"")
... A149: N2 | C149: =IFERROR(AVERAGE(D149:AB149), "") -> 0 | D149: =IFERROR((12.011*$AD80/$B48)*D80,"") -> 0 | E149: =IFERROR((12.011*$AD80/$B48)*E80,"") -> 0 | F149: =IFERROR((12.011*$AD80/$B48)*F80,"") -> 0 | G149: =IFERROR((12.011*$AD80/$B48)*G80,"") -> 0 | H149: =IFERROR((12.011*$AD80/$B48)*H80,"") -> 0 | I149: =IFERROR((12.011*$AD80/$B48)*I80,"") -> 0 | J149: =IFERROR((12.011*$AD80/$B48)*J80,"") -> 0 | K149: =IFERROR((12.011*$AD80/$B48)*K80,"") -> 0 | ... AB149: =IFERROR((12.011*$AD80/$B48)*AB80,"")
A150: Total | C150: =SUM(C121:C149) -> 0.35150819 | D150: =IF(SUM(D121:D149)=0,"",SUM(D121:D149)) -> 0.26980954 | E150: =IF(SUM(E121:E149)=0,"",SUM(E121:E149)) -> 0.36546647 | F150: =IF(SUM(F121:F149)=0,"",SUM(F121:F149)) -> 0.36586691 | G150: =IF(SUM(G121:G149)=0,"",SUM(G121:G149)) -> 0.36455625 | H150: =IF(SUM(H121:H149)=0,"",SUM(H121:H149)) -> 0.36815462 | I150: =IF(SUM(I121:I149)=0,"",SUM(I121:I149)) -> 0.36905546 | J150: =IF(SUM(J121:J149)=0,"",SUM(J121:J149)) -> 0.37316388 | K150: =IF(SUM(K121:K149)=0,"",SUM(K121:K149)) -> 0.37001721 | ... AB150: =IF(SUM(AB121:AB149)=0,"",SUM(AB121:AB149))

Sheet R2_MB
A1: Run Number | C1: ='R1_MB'!C1 -> R6-C1-S1
A2: Run Objective | C2: ='R1_MB'!C2
A3: Run Start Date | C3: =Run_Plan!$B$3 -> 45425.583 | E3: Duration of Sampling | F3: =(C6-C5)*1440 -> 6
A4: Condition and Sample Number | C4: =Liq!B4 -> C1-S1 | E4: Average Time-on-Stream | F4: =24*((C5+C6)/2-C3) -> 17.916667
A5: Sample Collection Started | C5: =Liq!B5 -> 45426.328 | E5: Average Ar Flow to Reactor | F5: =Gas!C20 -> 0.22890922 | H5: GC injection time lies outside sampling duration - check!
A6: Sample Collection Finished | C6: =Liq!B6 -> 45426.332 | H6: {=MIN(IF(D16:XFD16<>0,D16:XFD16))} -> 0 | I6: {=MAX(IF(D16:XFD16<>0,D16:XFD16))} -> 0 | K6: =IF(AND(H7=TRUE,I7=TRUE),"Pass","Fail") -> Pass
H7: =IF(Liq!C3>'R1_MB'!H6,"NA",TRUE) -> TRUE | I7: =IF(Liq!C6<'R1_MB'!I6,"NA",TRUE) -> TRUE
A8: Flow Rate of Liquid Feed [g/h] | C8: =Liq!C13 -> 0.5
A9: Flow Rate of Gas Feed [g/h] | C9: =IFERROR(Gas!C12-Gas!C20,"") -> 2.5568051 | D9: (Without Ar)
A10: Flow Rate of HC TLP [g/h] | C10: =Liq!C40 -> 0
A11: Flow Rate of Aqueous TLP [g/h] | C11: =Liq!C41 -> 0
A12: Flow Rate of Gas Product [g/h] | C12: =SUM(C52:C74,C76:C80) -> 2.6335059 | D12: (Without Ar)
A13: Mass Balance Closure [%] | C13: =IFERROR(100*(C12+C11+C10)/(C9+C8),"") -> 86.152235
A15: GC Analysis Rep Number for the Reactor
A16: Date and Time
A17: Cumulative Time Lapsed [min] | D17: =IF(D15="", "", (D16-$D$16)*1440) | E17: =IF(E15="", "", (E16-$D$16)*1440) | F17: =IF(F15="", "", (F16-$D$16)*1440) | G17: =IF(G15="", "", (G16-$D$16)*1440) | H17: =IF(H15="", "", (H16-$D$16)*1440) | I17: =IF(I15="", "", (I16-$D$16)*1440) | J17: =IF(J15="", "", (J16-$D$16)*1440) | K17: =IF(K15="", "", (K16-$D$16)*1440) | ... AB17: =IF(AB15="", "", (AB16-$D$16)*1440)
A18: Time Elapsed Between Two Reps [min] | E18: =IF(E17="", "", E17-D17) | F18: =IF(F17="", "", F17-E17) | G18: =IF(G17="", "", G17-F17) | H18: =IF(H17="", "", H17-G17) | I18: =IF(I17="", "", I17-H17) | J18: =IF(J17="", "", J17-I17) | K18: =IF(K17="", "", K17-J17) | L18: =IF(L17="", "", L17-K17) | ... AB18: =IF(AB17="", "", AB17-AA17)
A19: Normalized Mol% | B19: Mol Wt
A20: Methane | B20: 16.04 | D20: 2.574339 | E20: 2.587217 | F20: 2.595544 | G20: 2.638684 | H20: 2.647556 | I20: 2.638358 | J20: 2.634007 | K20: 2.640019 | L20: 2.60212 | M20: 2.606419 | N20: 2.600359 | O20: 2.605023 | AC20: =IFERROR(_xlfn.STDEV.S(E20:AB20),"") -> 0.021849486 | AD20: =IFERROR(AVERAGE(E20:AB20),"") -> 2.6177551 | AE20: =IFERROR(AD20+(2*AC20),"") -> 2.6614541
A21: Ethane | B21: 30.07 | D21: 0.005571 | E21: 0.003871 | F21: 0.003555 | G21: 0.003425 | H21: 0.006508 | I21: 0.001957 | J21: 0.001765 | K21: 0.001507 | L21: 0.00186 | M21: 0.001739 | N21: 0.001708 | O21: 0.001776 | AC21: =IFERROR(_xlfn.STDEV.S(E21:AB21),"") -> 0.0015311813 | AD21: =IFERROR(AVERAGE(E21:AB21),"") -> 0.0026973636 | AE21: =IFERROR(AD21+(2*AC21),"") -> 0.0057597263
A22: Ethylene | B22: 28.05 | D22: 1.631944 | E22: 1.632676 | F22: 1.63932 | G22: 1.669326 | H22: 1.670753 | I22: 1.657297 | J22: 1.65821 | K22: 1.652863 | L22: 1.630481 | M22: 1.642331 | N22: 1.635397 | O22: 1.641103 | AC22: =IFERROR(_xlfn.STDEV.S(E22:AB22),"") -> 0.014290445 | AD22: =IFERROR(AVERAGE(E22:AB22),"") -> 1.6481597 | AE22: =IFERROR(AD22+(2*AC22),"") -> 1.6767406
A23: Propane | B23: 44.1 | D23: 0 | E23: 0 | F23: 0 | G23: 0 | H23: 0 | I23: 0 | J23: 0 | K23: 0 | L23: 0 | M23: 0 | N23: 0 | O23: 0 | AC23: =IFERROR(_xlfn.STDEV.S(E23:AB23),"") -> 0 | AD23: =IFERROR(AVERAGE(E23:AB23),"") -> 0 | AE23: =IFERROR(AD23+(2*AC23),"") -> 0
A24: Propylene | B24: 42.08 | D24: 0.002221 | E24: 0.001668 | F24: 0.001127 | G24: 0.000848 | H24: 0.001746 | I24: 0.000368 | J24: 0.000308 | K24: 0 | L24: 0 | M24: 0 | N24: 0 | O24: 0 | AC24: =IFERROR(_xlfn.STDEV.S(E24:AB24),"") -> 0.00068602045 | AD24: =IFERROR(AVERAGE(E24:AB24),"") -> 0.00055136364 | AE24: =IFERROR(AD24+(2*AC24),"") -> 0.0019234045
A25: Butane | B25: 58.12 | D25: 0.000431 | E25: 0.000285 | F25: 0 | G25: 0 | H25: 0.000386 | I25: 0 | J25: 0 | K25: 0 | L25: 0 | M25: 0 | N25: 0 | O25: 0.000248 | AC25: =IFERROR(_xlfn.STDEV.S(E25:AB25),"") -> 0.00014661062 | AD25: =IFERROR(AVERAGE(E25:AB25),"") -> 8.3545455e-05 | AE25: =IFERROR(AD25+(2*AC25),"") -> 0.00037676669
A26: Pentane | B26: 72.15 | D26: 0 | E26: 0 | F26: 0 | G26: 0 | H26: 0 | I26: 0 | J26: 0 | K26: 0 | L26: 0 | M26: 0 | N26: 0 | O26: 0 | AC26: =IFERROR(_xlfn.STDEV.S(E26:AB26),"") -> 0 | AD26: =IFERROR(AVERAGE(E26:AB26),"") -> 0 | AE26: =IFERROR(AD26+(2*AC26),"") -> 0
A27: C6s (Isomers of hexane?) | B27: 86.18 | D27: 0 | E27: 0 | F27: 0 | G27: 0 | H27: 0 | I27: 0 | J27: 0 | K27: 0 | L27: 0 | M27: 0 | N27: 0 | O27: 0 | AC27: =IFERROR(_xlfn.STDEV.S(E27:AB27),"") -> 0 | AD27: =IFERROR(AVERAGE(E27:AB27),"") -> 0 | AE27: =IFERROR(AD27+(2*AC27),"") -> 0
A28: Hexane | B28: 86.18 | D28: 0 | E28: 0 | F28: 0 | G28: 0 | H28: 0 | I28: 0 | J28: 0 | K28: 0 | L28: 0 | M28: 0 | N28: 0 | O28: 0 | AC28: =IFERROR(_xlfn.STDEV.S(E28:AB28),"") -> 0 | AD28: =IFERROR(AVERAGE(E28:AB28),"") -> 0 | AE28: =IFERROR(AD28+(2*AC28),"") -> 0
A29: C4 | B29: 58.12 | D29: 0.000554 | E29: 0.006184 | F29: 0.00574 | G29: 0.006484 | H29: 0.014515 | I29: 0.006765 | J29: 0.001083 | K29: 0.000498 | L29: 0.000538 | M29: 0.000388 | N29: 0 | O29: 0.000324 | AC29: =IFERROR(_xlfn.STDEV.S(E29:AB29),"") -> 0.0045529839 | AD29: =IFERROR(AVERAGE(E29:AB29),"") -> 0.0038653636 | AE29: =IFERROR(AD29+(2*AC29),"") -> 0.012971331
A30: C5 | B30: 72.15 | D30: 0 | E30: 0 | F30: 0 | G30: 0 | H30: 0 | I30: 0 | J30: 0 | K30: 0 | L30: 0 | M30: 0 | N30: 0 | O30: 0 | AC30: =IFERROR(_xlfn.STDEV.S(E30:AB30),"") -> 0 | AD30: =IFERROR(AVERAGE(E30:AB30),"") -> 0 | AE30: =IFERROR(AD30+(2*AC30),"") -> 0
A31: C6 | B31: 86.18 | D31: 0 | E31: 0.000406 | F31: 0 | G31: 0 | H31: 0 | I31: 0 | J31: 0 | K31: 0 | L31: 0 | M31: 0 | N31: 0 | O31: 0 | AC31: =IFERROR(_xlfn.STDEV.S(E31:AB31),"") -> 0.00012241361 | AD31: =IFERROR(AVERAGE(E31:AB31),"") -> 3.6909091e-05 | AE31: =IFERROR(AD31+(2*AC31),"") -> 0.0002817363
... A48: N2 | B48: 28.0134 | D48: 58.459293 | E48: 58.673376 | F48: 58.795353 | G48: 58.744627 | H48: 58.681742 | I48: 59.088477 | J48: 58.615517 | K48: 58.46575 | L48: 59.488699 | M48: 59.378947 | N48: 59.4715 | O48: 59.591121 | AC48: =IFERROR(_xlfn.STDEV.S(E48:AB48),"") -> 0.41355861 | AD48: =IFERROR(AVERAGE(E48:AB48),"") -> 58.999555 | AE48: =IFERROR(AD48+(2*AC48),"") -> 59.826673
A51: Mass Flow Rates of Each Molecule | C51: Avg Flow Rate | AC51: C" Mass Flow Rate (g/h) | AD51: Number of "C' Atom
A52: =IF(A20="", "", CONCATENATE(A20, " [g/h]")) -> Methane [g/h] | C52: =IFERROR(AVERAGE(D52:AB52), "") -> 0.055214854 | D52: =IF(SUM(D20:D48)=0, "", (D20*$B20/(D$43*$B$43))*$F$5) -> 0.049140291 | E52: =IF(SUM(E20:E48)=0, "", (E20*$B20/(E$43*$B$43))*$F$5) -> 0.055140528 | F52: =IF(SUM(F20:F48)=0, "", (F20*$B20/(F$43*$B$43))*$F$5) -> 0.055345167 | G52: =IF(SUM(G20:G48)=0, "", (G20*$B20/(G$43*$B$43))*$F$5) -> 0.056085488 | H52: =IF(SUM(H20:H48)=0, "", (H20*$B20/(H$43*$B$43))*$F$5) -> 0.056364105 | I52: =IF(SUM(I20:I48)=0, "", (I20*$B20/(I$43*$B$43))*$F$5) -> 0.056032779 | J52: =IF(SUM(J20:J48)=0, "", (J20*$B20/(J$43*$B$43))*$F$5) -> 0.056299052 | K52: =IF(SUM(K20:K48)=0, "", (K20*$B20/(K$43*$B$43))*$F$5) -> 0.056447071 | ... AB52: =IF(SUM(AB20:AB48)=0, "", (AB20*$B20/(AB$43*$B$43))*$F$5) | AC52: =(12.011*$AD52/$B20)*$C52 -> 0.041345737 | AD52: 1
A53: =IF(A21="", "", CONCATENATE(A21, " [g/h]")) -> Ethane [g/h] | C53: =IFERROR(AVERAGE(D53:AB53), "") -> 0.00011534176 | D53: =IF(SUM(D21:D49)=0, "", (D21*$B21/(D$43*$B$43))*$F$5) -> 0.00019935825 | E53: =IF(SUM(E21:E49)=0, "", (E21*$B21/(E$43*$B$43))*$F$5) -> 0.00015466438 | F53: =IF(SUM(F21:F49)=0, "", (F21*$B21/(F$43*$B$43))*$F$5) -> 0.00014210847 | G53: =IF(SUM(G21:G49)=0, "", (G21*$B21/(G$43*$B$43))*$F$5) -> 0.00013647489 | H53: =IF(SUM(H21:H49)=0, "", (H21*$B21/(H$43*$B$43))*$F$5) -> 0.00025973715 | I53: =IF(SUM(I21:I49)=0, "", (I21*$B21/(I$43*$B$43))*$F$5) -> 7.7916301e-05 | J53: =IF(SUM(J21:J49)=0, "", (J21*$B21/(J$43*$B$43))*$F$5) -> 7.0722553e-05 | K53: =IF(SUM(K21:K49)=0, "", (K21*$B21/(K$43*$B$43))*$F$5) -> 6.0405527e-05 | ... AB53: =IF(SUM(AB21:AB49)=0, "", (AB21*$B21/(AB$43*$B$43))*$F$5) | AC53: =(12.011*$AD53/$B21)*$C53 -> 9.2142992e-05 | AD53: 2
A54: =IF(A22="", "", CONCATENATE(A22, " [g/h]")) -> Ethylene [g/h] | C54: =IFERROR(AVERAGE(D54:AB54), "") -> 0.060823958 | D54: =IF(SUM(D22:D50)=0, "", (D22*$B22/(D$43*$B$43))*$F$5) -> 0.054476066 | E54: =IF(SUM(E22:E50)=0, "", (E22*$B22/(E$43*$B$43))*$F$5) -> 0.060850839 | F54: =IF(SUM(F22:F50)=0, "", (F22*$B22/(F$43*$B$43))*$F$5) -> 0.061128473 | G54: =IF(SUM(G22:G50)=0, "", (G22*$B22/(G$43*$B$43))*$F$5) -> 0.062048713 | H54: =IF(SUM(H22:H50)=0, "", (H22*$B22/(H$43*$B$43))*$F$5) -> 0.062201121 | I54: =IF(SUM(I22:I50)=0, "", (I22*$B22/(I$43*$B$43))*$F$5) -> 0.061551307 | J54: =IF(SUM(J22:J50)=0, "", (J22*$B22/(J$43*$B$43))*$F$5) -> 0.061980088 | K54: =IF(SUM(K22:K50)=0, "", (K22*$B22/(K$43*$B$43))*$F$5) -> 0.0618016 | ... AB54: =IF(SUM(AB22:AB50)=0, "", (AB22*$B22/(AB$43*$B$43))*$F$5) | AC54: =(12.011*$AD54/$B22)*$C54 -> 0.052089595 | AD54: 2
A55: =IF(A23="", "", CONCATENATE(A23, " [g/h]")) -> Propane [g/h] | C55: =IFERROR(AVERAGE(D55:AB55), "") -> 0 | D55: =IF(SUM(D23:D51)=0, "", (D23*$B23/(D$43*$B$43))*$F$5) -> 0 | E55: =IF(SUM(E23:E51)=0, "", (E23*$B23/(E$43*$B$43))*$F$5) -> 0 | F55: =IF(SUM(F23:F51)=0, "", (F23*$B23/(F$43*$B$43))*$F$5) -> 0 | G55: =IF(SUM(G23:G51)=0, "", (G23*$B23/(G$43*$B$43))*$F$5) -> 0 | H55: =IF(SUM(H23:H51)=0, "", (H23*$B23/(H$43*$B$43))*$F$5) -> 0 | I55: =IF(SUM(I23:I51)=0, "", (I23*$B23/(I$43*$B$43))*$F$5) -> 0 | J55: =IF(SUM(J23:J51)=0, "", (J23*$B23/(J$43*$B$43))*$F$5) -> 0 | K55: =IF(SUM(K23:K51)=0, "", (K23*$B23/(K$43*$B$43))*$F$5) -> 0 | ... AB55: =IF(SUM(AB23:AB51)=0, "", (AB23*$B23/(AB$43*$B$43))*$F$5) | AC55: =(12.011*$AD55/$B23)*$C55 -> 0 | AD55: 3
A56: =IF(A24="", "", CONCATENATE(A24, " [g/h]")) -> Propylene [g/h] | C56: =IFERROR(AVERAGE(D56:AB56), "") -> 3.750867e-05 | D56: =IF(SUM(D24:D52)=0, "", (D24*$B24/(D$43*$B$43))*$F$5) -> 0.00011122231 | E56: =IF(SUM(E24:E52)=0, "", (E24*$B24/(E$43*$B$43))*$F$5) -> 9.3262161e-05 | F56: =IF(SUM(F24:F52)=0, "", (F24*$B24/(F$43*$B$43))*$F$5) -> 6.3044411e-05 | G56: =IF(SUM(G24:G52)=0, "", (G24*$B24/(G$43*$B$43))*$F$5) -> 4.7285756e-05 | H56: =IF(SUM(H24:H52)=0, "", (H24*$B24/(H$43*$B$43))*$F$5) -> 9.7515369e-05 | I56: =IF(SUM(I24:I52)=0, "", (I24*$B24/(I$43*$B$43))*$F$5) -> 2.0503482e-05 | J56: =IF(SUM(J24:J52)=0, "", (J24*$B24/(J$43*$B$43))*$F$5) -> 1.7270553e-05 | K56: =IF(SUM(K24:K52)=0, "", (K24*$B24/(K$43*$B$43))*$F$5) -> 0 | ... AB56: =IF(SUM(AB24:AB52)=0, "", (AB24*$B24/(AB$43*$B$43))*$F$5) | AC56: =(12.011*$AD56/$B24)*$C56 -> 3.2118582e-05 | AD56: 3
A57: =IF(A25="", "", CONCATENATE(A25, " [g/h]")) -> Butane [g/h] | C57: =IFERROR(AVERAGE(D57:AB57), "") -> 8.3934399e-06 | D57: =IF(SUM(D25:D53)=0, "", (D25*$B25/(D$43*$B$43))*$F$5) -> 2.9810585e-05 | E57: =IF(SUM(E25:E53)=0, "", (E25*$B25/(E$43*$B$43))*$F$5) -> 2.2009195e-05 | F57: =IF(SUM(F25:F53)=0, "", (F25*$B25/(F$43*$B$43))*$F$5) -> 0 | G57: =IF(SUM(G25:G53)=0, "", (G25*$B25/(G$43*$B$43))*$F$5) -> 0 | H57: =IF(SUM(H25:H53)=0, "", (H25*$B25/(H$43*$B$43))*$F$5) -> 2.9775976e-05 | I57: =IF(SUM(I25:I53)=0, "", (I25*$B25/(I$43*$B$43))*$F$5) -> 0 | J57: =IF(SUM(J25:J53)=0, "", (J25*$B25/(J$43*$B$43))*$F$5) -> 0 | K57: =IF(SUM(K25:K53)=0, "", (K25*$B25/(K$43*$B$43))*$F$5) -> 0 | ... AB57: =IF(SUM(AB25:AB53)=0, "", (AB25*$B25/(AB$43*$B$43))*$F$5) | AC57: =(12.011*$AD57/$B25)*$C57 -> 6.9383074e-06 | AD57: 4
A58: =IF(A26="", "", CONCATENATE(A26, " [g/h]")) -> Pentane [g/h] | C58: =IFERROR(AVERAGE(D58:AB58), "") -> 0 | D58: =IF(SUM(D26:D54)=0, "", (D26*$B26/(D$43*$B$43))*$F$5) -> 0 | E58: =IF(SUM(E26:E54)=0, "", (E26*$B26/(E$43*$B$43))*$F$5) -> 0 | F58: =IF(SUM(F26:F54)=0, "", (F26*$B26/(F$43*$B$43))*$F$5) -> 0 | G58: =IF(SUM(G26:G54)=0, "", (G26*$B26/(G$43*$B$43))*$F$5) -> 0 | H58: =IF(SUM(H26:H54)=0, "", (H26*$B26/(H$43*$B$43))*$F$5) -> 0 | I58: =IF(SUM(I26:I54)=0, "", (I26*$B26/(I$43*$B$43))*$F$5) -> 0 | J58: =IF(SUM(J26:J54)=0, "", (J26*$B26/(J$43*$B$43))*$F$5) -> 0 | K58: =IF(SUM(K26:K54)=0, "", (K26*$B26/(K$43*$B$43))*$F$5) -> 0 | ... AB58: =IF(SUM(AB26:AB54)=0, "", (AB26*$B26/(AB$43*$B$43))*$F$5) | AC58: =(12.011*$AD58/$B26)*$C58 -> 0 | AD58: 5
A59: =IF(A27="", "", CONCATENATE(A27, " [g/h]")) -> C6s (Isomers of hexane?) [g/h] | C59: =IFERROR(AVERAGE(D59:AB59), "") -> 0 | D59: =IF(SUM(D27:D55)=0, "", (D27*$B27/(D$43*$B$43))*$F$5) -> 0 | E59: =IF(SUM(E27:E55)=0, "", (E27*$B27/(E$43*$B$43))*$F$5) -> 0 | F59: =IF(SUM(F27:F55)=0, "", (F27*$B27/(F$43*$B$43))*$F$5) -> 0 | G59: =IF(SUM(G27:G55)=0, "", (G27*$B27/(G$43*$B$43))*$F$5) -> 0 | H59: =IF(SUM(H27:H55)=0, "", (H27*$B27/(H$43*$B$43))*$F$5) -> 0 | I59: =IF(SUM(I27:I55)=0, "", (I27*$B27/(I$43*$B$43))*$F$5) -> 0 | J59: =IF(SUM(J27:J55)=0, "", (J27*$B27/(J$43*$B$43))*$F$5) -> 0 | K59: =IF(SUM(K27:K55)=0, "", (K27*$B27/(K$43*$B$43))*$F$5) -> 0 | ... AB59: =IF(SUM(AB27:AB55)=0, "", (AB27*$B27/(AB$43*$B$43))*$F$5) | AC59: =(12.011*$AD59/$B27)*$C59 -> 0 | AD59: 6
A60: =IF(A28="", "", CONCATENATE(A28, " [g/h]")) -> Hexane [g/h] | C60: =IFERROR(AVERAGE(D60:AB60), "") -> 0 | D60: =IF(SUM(D28:D56)=0, "", (D28*$B28/(D$43*$B$43))*$F$5) -> 0 | E60: =IF(SUM(E28:E56)=0, "", (E28*$B28/(E$43*$B$43))*$F$5) -> 0 | F60: =IF(SUM(F28:F56)=0, "", (F28*$B28/(F$43*$B$43))*$F$5) -> 0 | G60: =IF(SUM(G28:G56)=0, "", (G28*$B28/(G$43*$B$43))*$F$5) -> 0 | H60: =IF(SUM(H28:H56)=0, "", (H28*$B28/(H$43*$B$43))*$F$5) -> 0 | I60: =IF(SUM(I28:I56)=0, "", (I28*$B28/(I$43*$B$43))*$F$5) -> 0 | J60: =IF(SUM(J28:J56)=0, "", (J28*$B28/(J$43*$B$43))*$F$5) -> 0 | K60: =IF(SUM(K28:K56)=0, "", (K28*$B28/(K$43*$B$43))*$F$5) -> 0 | ... AB60: =IF(SUM(AB28:AB56)=0, "", (AB28*$B28/(AB$43*$B$43))*$F$5) | AC60: =(12.011*$AD60/$B28)*$C60 -> 0 | AD60: 6
A61: =IF(A29="", "", CONCATENATE(A29, " [g/h]")) -> C4 [g/h] | C61: =IFERROR(AVERAGE(D61:AB61), "") -> 0.00027649053 | D61: =IF(SUM(D29:D57)=0, "", (D29*$B29/(D$43*$B$43))*$F$5) -> 3.8318014e-05 | E61: =IF(SUM(E29:E57)=0, "", (E29*$B29/(E$43*$B$43))*$F$5) -> 0.00047756093 | F61: =IF(SUM(F29:F57)=0, "", (F29*$B29/(F$43*$B$43))*$F$5) -> 0.00044349062 | G61: =IF(SUM(G29:G57)=0, "", (G29*$B29/(G$43*$B$43))*$F$5) -> 0.00049937566 | H61: =IF(SUM(H29:H57)=0, "", (H29*$B29/(H$43*$B$43))*$F$5) -> 0.0011196847 | I61: =IF(SUM(I29:I57)=0, "", (I29*$B29/(I$43*$B$43))*$F$5) -> 0.00052059199 | J61: =IF(SUM(J29:J57)=0, "", (J29*$B29/(J$43*$B$43))*$F$5) -> 8.3875255e-05 | K61: =IF(SUM(K29:K57)=0, "", (K29*$B29/(K$43*$B$43))*$F$5) -> 3.8582018e-05 | ... AB61: =IF(SUM(AB29:AB57)=0, "", (AB29*$B29/(AB$43*$B$43))*$F$5) | AC61: =(12.011*$AD61/$B29)*$C61 -> 0.00022855663 | AD61: 4
A62: =IF(A30="", "", CONCATENATE(A30, " [g/h]")) -> C5 [g/h] | C62: =IFERROR(AVERAGE(D62:AB62), "") -> 0 | D62: =IF(SUM(D30:D58)=0, "", (D30*$B30/(D$43*$B$43))*$F$5) -> 0 | E62: =IF(SUM(E30:E58)=0, "", (E30*$B30/(E$43*$B$43))*$F$5) -> 0 | F62: =IF(SUM(F30:F58)=0, "", (F30*$B30/(F$43*$B$43))*$F$5) -> 0 | G62: =IF(SUM(G30:G58)=0, "", (G30*$B30/(G$43*$B$43))*$F$5) -> 0 | H62: =IF(SUM(H30:H58)=0, "", (H30*$B30/(H$43*$B$43))*$F$5) -> 0 | I62: =IF(SUM(I30:I58)=0, "", (I30*$B30/(I$43*$B$43))*$F$5) -> 0 | J62: =IF(SUM(J30:J58)=0, "", (J30*$B30/(J$43*$B$43))*$F$5) -> 0 | K62: =IF(SUM(K30:K58)=0, "", (K30*$B30/(K$43*$B$43))*$F$5) -> 0 | ... AB62: =IF(SUM(AB30:AB58)=0, "", (AB30*$B30/(AB$43*$B$43))*$F$5) | AC62: =(12.011*$AD62/$B30)*$C62 -> 0 | AD62: 5
A63: =IF(A31="", "", CONCATENATE(A31, " [g/h]")) -> C6 [g/h] | C63: =IFERROR(AVERAGE(D63:AB63), "") -> 3.8742262e-06 | D63: =IF(SUM(D31:D59)=0, "", (D31*$B31/(D$43*$B$43))*$F$5) -> 0 | E63: =IF(SUM(E31:E59)=0, "", (E31*$B31/(E$43*$B$43))*$F$5) -> 4.6490715e-05 | F63: =IF(SUM(F31:F59)=0, "", (F31*$B31/(F$43*$B$43))*$F$5) -> 0 | G63: =IF(SUM(G31:G59)=0, "", (G31*$B31/(G$43*$B$43))*$F$5) -> 0 | H63: =IF(SUM(H31:H59)=0, "", (H31*$B31/(H$43*$B$43))*$F$5) -> 0 | I63: =IF(SUM(I31:I59)=0, "", (I31*$B31/(I$43*$B$43))*$F$5) -> 0 | J63: =IF(SUM(J31:J59)=0, "", (J31*$B31/(J$43*$B$43))*$F$5) -> 0 | K63: =IF(SUM(K31:K59)=0, "", (K31*$B31/(K$43*$B$43))*$F$5) -> 0 | ... AB63: =IF(SUM(AB31:AB59)=0, "", (AB31*$B31/(AB$43*$B$43))*$F$5) | AC63: =(12.011*$AD63/$B31)*$C63 -> 3.2397306e-06 | AD63: 6
... A80: =IF(A48="", "", CONCATENATE(A48, " [g/h]")) -> N2 [g/h] | C80: =IFERROR(AVERAGE(D80:AB80), "") -> 2.1745927 | D80: =IF(SUM(D48:D76)=0, "", (D48*$B48/(D$43*$B$43))*$F$5) -> 1.9488886 | E80: =IF(SUM(E48:E76)=0, "", (E48*$B48/(E$43*$B$43))*$F$5) -> 2.1839395 | F80: =IF(SUM(F48:F76)=0, "", (F48*$B48/(F$43*$B$43))*$F$5) -> 2.1895545 | G80: =IF(SUM(G48:G76)=0, "", (G48*$B48/(G$43*$B$43))*$F$5) -> 2.180684 | H80: =IF(SUM(H48:H76)=0, "", (H48*$B48/(H$43*$B$43))*$F$5) -> 2.1818351 | I80: =IF(SUM(I48:I76)=0, "", (I48*$B48/(I$43*$B$43))*$F$5) -> 2.1916575 | J80: =IF(SUM(J48:J76)=0, "", (J48*$B48/(J$43*$B$43))*$F$5) -> 2.1880549 | K80: =IF(SUM(K48:K76)=0, "", (K48*$B48/(K$43*$B$43))*$F$5) -> 2.1832192 | ... AB80: =IF(SUM(AB48:AB76)=0, "", (AB48*$B48/(AB$43*$B$43))*$F$5) | AC80: =(12.011*$AD80/$B48)*$C80 -> 0 | AD80: 0
A81: =IF(A49="", "", CONCATENATE(A49, " [g/h]")) | C81: =IFERROR(AVERAGE(D81:AB81), "") -> 0 | D81: =IF(SUM(D49:D77)=0, "", (D49*$B49/(D$43*$B$43))*$F$5) -> 0 | E81: =IF(SUM(E49:E77)=0, "", (E49*$B49/(E$43*$B$43))*$F$5) -> 0 | F81: =IF(SUM(F49:F77)=0, "", (F49*$B49/(F$43*$B$43))*$F$5) -> 0 | G81: =IF(SUM(G49:G77)=0, "", (G49*$B49/(G$43*$B$43))*$F$5) -> 0 | H81: =IF(SUM(H49:H77)=0, "", (H49*$B49/(H$43*$B$43))*$F$5) -> 0 | I81: =IF(SUM(I49:I77)=0, "", (I49*$B49/(I$43*$B$43))*$F$5) -> 0 | J81: =IF(SUM(J49:J77)=0, "", (J49*$B49/(J$43*$B$43))*$F$5) -> 0 | K81: =IF(SUM(K49:K77)=0, "", (K49*$B49/(K$43*$B$43))*$F$5) -> 0 | ... AB81: =IF(SUM(AB49:AB77)=0, "", (AB49*$B49/(AB$43*$B$43))*$F$5)
A82: Flow Rate of HC Gases [g/h] | C82: =IFERROR(AVERAGE(D82:AB82), "") -> 0.40130488 | D82: =IF(SUM(D52:D81)=0,"",SUM(D52:D73,D78,D79)) -> 0.35487513 | E82: =IF(SUM(E52:E81)=0,"",SUM(E52:E73,E78,E79)) -> 0.40775924 | F82: =IF(SUM(F52:F81)=0,"",SUM(F52:F73,F78,F79)) -> 0.4091128 | G82: =IF(SUM(G52:G81)=0,"",SUM(G52:G73,G78,G79)) -> 0.41644186 | H82: =IF(SUM(H52:H81)=0,"",SUM(H52:H73,H78,H79)) -> 0.42150588 | I82: =IF(SUM(I52:I81)=0,"",SUM(I52:I73,I78,I79)) -> 0.41565037 | J82: =IF(SUM(J52:J81)=0,"",SUM(J52:J73,J78,J79)) -> 0.41726543 | K82: =IF(SUM(K52:K81)=0,"",SUM(K52:K73,K78,K79)) -> 0.41517834 | ... AB82: =IF(SUM(AB52:AB81)=0,"",SUM(AB52:AB73,AB78,AB79))
A83: Flow Rate of COx Gases [g/h] | C83: =IFERROR(AVERAGE(D83:AB83), "") -> 0 | D83: =IFERROR(D74+D76,"") -> 0 | E83: =IFERROR(E74+E76,"") -> 0 | F83: =IFERROR(F74+F76,"") -> 0 | G83: =IFERROR(G74+G76,"") -> 0 | H83: =IFERROR(H74+H76,"") -> 0 | I83: =IFERROR(I74+I76,"") -> 0 | J83: =IFERROR(J74+J76,"") -> 0 | K83: =IFERROR(K74+K76,"") -> 0 | ... AB83: =IFERROR(AB74+AB76,"")
A84: Flow Rate of HC & COx Gases [g/h] | C84: =IFERROR(AVERAGE(D84:AB84), "") -> 0.40130488 | D84: =IF(SUM(D82:D83)=0,"",SUM(D82:D83)) -> 0.35487513 | E84: =IF(SUM(E82:E83)=0,"",SUM(E82:E83)) -> 0.40775924 | F84: =IF(SUM(F82:F83)=0,"",SUM(F82:F83)) -> 0.4091128 | G84: =IF(SUM(G82:G83)=0,"",SUM(G82:G83)) -> 0.41644186 | H84: =IF(SUM(H82:H83)=0,"",SUM(H82:H83)) -> 0.42150588 | I84: =IF(SUM(I82:I83)=0,"",SUM(I82:I83)) -> 0.41565037 | J84: =IF(SUM(J82:J83)=0,"",SUM(J82:J83)) -> 0.41726543 | K84: =IF(SUM(K82:K83)=0,"",SUM(K82:K83)) -> 0.41517834 | ... AB84: =IF(SUM(AB82:AB83)=0,"",SUM(AB82:AB83))
A86: Total Volumetric Flow rate out [NL/h] | C86: =IFERROR(AVERAGE(D86:AB86), "") -> 159.70411 | D86: =IF(D$75="","",D$75/Gas!$I$35*Gas!$B$11) -> 159.70411 | E86: =IF(E$75="","",E$75/Gas!$I$35*Gas!$B$11) -> 159.70411 | F86: =IF(F$75="","",F$75/Gas!$I$35*Gas!$B$11) -> 159.70411 | G86: =IF(G$75="","",G$75/Gas!$I$35*Gas!$B$11) -> 159.70411 | H86: =IF(H$75="","",H$75/Gas!$I$35*Gas!$B$11) -> 159.70411 | I86: =IF(I$75="","",I$75/Gas!$I$35*Gas!$B$11) -> 159.70411 | J86: =IF(J$75="","",J$75/Gas!$I$35*Gas!$B$11) -> 159.70411 | K86: =IF(K$75="","",K$75/Gas!$I$35*Gas!$B$11) -> 159.70411 | ... AB86: =IF(AB$75="","",AB$75/Gas!$I$35*Gas!$B$11)
A87: Volumetric Flow Rates of Each Molecule | C87: Avg Flow Rate
A88: =IF(A20="", "", CONCATENATE(A20, " [Nl/h]")) -> Methane [Nl/h] | C88: =IFERROR(AVERAGE(D88:AB88), "") -> 4.1748843 | D88: =IF(D$86="","",D20/100*D$86) -> 4.1113251 | E88: =IF(E$86="","",E20/100*E$86) -> 4.1318918 | F88: =IF(F$86="","",F20/100*F$86) -> 4.1451904 | G88: =IF(G$86="","",G20/100*G$86) -> 4.2140867 | H88: =IF(H$86="","",H20/100*H$86) -> 4.2282557 | I88: =IF(I$86="","",I20/100*I$86) -> 4.2135661 | J88: =IF(J$86="","",J20/100*J$86) -> 4.2066174 | K88: =IF(K$86="","",K20/100*K$86) -> 4.2162188 | ... AB88: =IF(AB$86="","",AB20/100*AB$86)
A89: =IF(A21="", "", CONCATENATE(A21, " [Nl/h]")) -> Ethane [Nl/h] | C89: =IFERROR(AVERAGE(D89:AB89), "") -> 0.0046902435 | D89: =IF(D$86="","",D21/100*D$86) -> 0.0088971158 | E89: =IF(E$86="","",E21/100*E$86) -> 0.006182146 | F89: =IF(F$86="","",F21/100*F$86) -> 0.005677481 | G89: =IF(G$86="","",G21/100*G$86) -> 0.0054698657 | H89: =IF(H$86="","",H21/100*H$86) -> 0.010393543 | I89: =IF(I$86="","",I21/100*I$86) -> 0.0031254094 | J89: =IF(J$86="","",J21/100*J$86) -> 0.0028187775 | K89: =IF(K$86="","",K21/100*K$86) -> 0.0024067409 | ... AB89: =IF(AB$86="","",AB21/100*AB$86)
A90: =IF(A22="", "", CONCATENATE(A22, " [Nl/h]")) -> Ethylene [Nl/h] | C90: =IFERROR(AVERAGE(D90:AB90), "") -> 2.6300207 | D90: =IF(D$86="","",D22/100*D$86) -> 2.6062816 | E90: =IF(E$86="","",E22/100*E$86) -> 2.6074506 | F90: =IF(F$86="","",F22/100*F$86) -> 2.6180614 | G90: =IF(G$86="","",G22/100*G$86) -> 2.6659822 | H90: =IF(H$86="","",H22/100*H$86) -> 2.6682612 | I90: =IF(I$86="","",I22/100*I$86) -> 2.6467714 | J90: =IF(J$86="","",J22/100*J$86) -> 2.6482295 | K90: =IF(K$86="","",K22/100*K$86) -> 2.6396901 | ... AB90: =IF(AB$86="","",AB22/100*AB$86)
A91: =IF(A23="", "", CONCATENATE(A23, " [Nl/h]")) -> Propane [Nl/h] | C91: =IFERROR(AVERAGE(D91:AB91), "") -> 0 | D91: =IF(D$86="","",D23/100*D$86) -> 0 | E91: =IF(E$86="","",E23/100*E$86) -> 0 | F91: =IF(F$86="","",F23/100*F$86) -> 0 | G91: =IF(G$86="","",G23/100*G$86) -> 0 | H91: =IF(H$86="","",H23/100*H$86) -> 0 | I91: =IF(I$86="","",I23/100*I$86) -> 0 | J91: =IF(J$86="","",J23/100*J$86) -> 0 | K91: =IF(K$86="","",K23/100*K$86) -> 0 | ... AB91: =IF(AB$86="","",AB23/100*AB$86)
A92: =IF(A24="", "", CONCATENATE(A24, " [Nl/h]")) -> Propylene [Nl/h] | C92: =IFERROR(AVERAGE(D92:AB92), "") -> 0.0011027569 | D92: =IF(D$86="","",D24/100*D$86) -> 0.0035470282 | E92: =IF(E$86="","",E24/100*E$86) -> 0.0026638645 | F92: =IF(F$86="","",F24/100*F$86) -> 0.0017998653 | G92: =IF(G$86="","",G24/100*G$86) -> 0.0013542908 | H92: =IF(H$86="","",H24/100*H$86) -> 0.0027884337 | I92: =IF(I$86="","",I24/100*I$86) -> 0.00058771111 | J92: =IF(J$86="","",J24/100*J$86) -> 0.00049188865 | K92: =IF(K$86="","",K24/100*K$86) -> 0 | ... AB92: =IF(AB$86="","",AB24/100*AB$86)
A93: =IF(A25="", "", CONCATENATE(A25, " [Nl/h]")) -> Butane [Nl/h] | C93: =IFERROR(AVERAGE(D93:AB93), "") -> 0.00017966712 | D93: =IF(D$86="","",D25/100*D$86) -> 0.0006883247 | E93: =IF(E$86="","",E25/100*E$86) -> 0.00045515671 | F93: =IF(F$86="","",F25/100*F$86) -> 0 | G93: =IF(G$86="","",G25/100*G$86) -> 0 | H93: =IF(H$86="","",H25/100*H$86) -> 0.00061645785 | I93: =IF(I$86="","",I25/100*I$86) -> 0 | J93: =IF(J$86="","",J25/100*J$86) -> 0 | K93: =IF(K$86="","",K25/100*K$86) -> 0 | ... AB93: =IF(AB$86="","",AB25/100*AB$86)
A94: =IF(A26="", "", CONCATENATE(A26, " [Nl/h]")) -> Pentane [Nl/h] | C94: =IFERROR(AVERAGE(D94:AB94), "") -> 0 | D94: =IF(D$86="","",D26/100*D$86) -> 0 | E94: =IF(E$86="","",E26/100*E$86) -> 0 | F94: =IF(F$86="","",F26/100*F$86) -> 0 | G94: =IF(G$86="","",G26/100*G$86) -> 0 | H94: =IF(H$86="","",H26/100*H$86) -> 0 | I94: =IF(I$86="","",I26/100*I$86) -> 0 | J94: =IF(J$86="","",J26/100*J$86) -> 0 | K94: =IF(K$86="","",K26/100*K$86) -> 0 | ... AB94: =IF(AB$86="","",AB26/100*AB$86)
A95: =IF(A27="", "", CONCATENATE(A27, " [Nl/h]")) -> C6s (Isomers of hexane?) [Nl/h] | C95: =IFERROR(AVERAGE(D95:AB95), "") -> 0 | D95: =IF(D$86="","",D27/100*D$86) -> 0 | E95: =IF(E$86="","",E27/100*E$86) -> 0 | F95: =IF(F$86="","",F27/100*F$86) -> 0 | G95: =IF(G$86="","",G27/100*G$86) -> 0 | H95: =IF(H$86="","",H27/100*H$86) -> 0 | I95: =IF(I$86="","",I27/100*I$86) -> 0 | J95: =IF(J$86="","",J27/100*J$86) -> 0 | K95: =IF(K$86="","",K27/100*K$86) -> 0 | ... AB95: =IF(AB$86="","",AB27/100*AB$86)
A96: =IF(A28="", "", CONCATENATE(A28, " [Nl/h]")) -> Hexane [Nl/h] | C96: =IFERROR(AVERAGE(D96:AB96), "") -> 0 | D96: =IF(D$86="","",D28/100*D$86) -> 0 | E96: =IF(E$86="","",E28/100*E$86) -> 0 | F96: =IF(F$86="","",F28/100*F$86) -> 0 | G96: =IF(G$86="","",G28/100*G$86) -> 0 | H96: =IF(H$86="","",H28/100*H$86) -> 0 | I96: =IF(I$86="","",I28/100*I$86) -> 0 | J96: =IF(J$86="","",J28/100*J$86) -> 0 | K96: =IF(K$86="","",K28/100*K$86) -> 0 | ... AB96: =IF(AB$86="","",AB28/100*AB$86)
A97: =IF(A29="", "", CONCATENATE(A29, " [Nl/h]")) -> C4 [Nl/h] | C97: =IFERROR(AVERAGE(D97:AB97), "") -> 0.0057324458 | D97: =IF(D$86="","",D29/100*D$86) -> 0.00088476075 | E97: =IF(E$86="","",E29/100*E$86) -> 0.009876102 | F97: =IF(F$86="","",F29/100*F$86) -> 0.0091670157 | G97: =IF(G$86="","",G29/100*G$86) -> 0.010355214 | H97: =IF(H$86="","",H29/100*H$86) -> 0.023181051 | I97: =IF(I$86="","",I29/100*I$86) -> 0.010803983 | J97: =IF(J$86="","",J29/100*J$86) -> 0.0017295955 | K97: =IF(K$86="","",K29/100*K$86) -> 0.00079532645 | ... AB97: =IF(AB$86="","",AB29/100*AB$86)
A98: =IF(A30="", "", CONCATENATE(A30, " [Nl/h]")) -> C5 [Nl/h] | C98: =IFERROR(AVERAGE(D98:AB98), "") -> 0 | D98: =IF(D$86="","",D30/100*D$86) -> 0 | E98: =IF(E$86="","",E30/100*E$86) -> 0 | F98: =IF(F$86="","",F30/100*F$86) -> 0 | G98: =IF(G$86="","",G30/100*G$86) -> 0 | H98: =IF(H$86="","",H30/100*H$86) -> 0 | I98: =IF(I$86="","",I30/100*I$86) -> 0 | J98: =IF(J$86="","",J30/100*J$86) -> 0 | K98: =IF(K$86="","",K30/100*K$86) -> 0 | ... AB98: =IF(AB$86="","",AB30/100*AB$86)
A99: =IF(A31="", "", CONCATENATE(A31, " [Nl/h]")) -> C6 [Nl/h] | C99: =IFERROR(AVERAGE(D99:AB99), "") -> 5.4033223e-05 | D99: =IF(D$86="","",D31/100*D$86) -> 0 | E99: =IF(E$86="","",E31/100*E$86) -> 0.00064839867 | F99: =IF(F$86="","",F31/100*F$86) -> 0 | G99: =IF(G$86="","",G31/100*G$86) -> 0 | H99: =IF(H$86="","",H31/100*H$86) -> 0 | I99: =IF(I$86="","",I31/100*I$86) -> 0 | J99: =IF(J$86="","",J31/100*J$86) -> 0 | K99: =IF(K$86="","",K31/100*K$86) -> 0 | ... AB99: =IF(AB$86="","",AB31/100*AB$86)
... A116: =IF(A48="", "", CONCATENATE(A48, " [Nl/h]")) -> N2 [Nl/h] | C116: =IFERROR(AVERAGE(D116:AB116), "") -> 94.152811 | D116: =IF(D$86="","",D48/100*D$86) -> 93.361892 | E116: =IF(E$86="","",E48/100*E$86) -> 93.703791 | F116: =IF(F$86="","",F48/100*F$86) -> 93.898593 | G116: =IF(G$86="","",G48/100*G$86) -> 93.817582 | H116: =IF(H$86="","",H48/100*H$86) -> 93.717152 | I116: =IF(I$86="","",I48/100*I$86) -> 94.366725 | J116: =IF(J$86="","",J48/100*J$86) -> 93.611388 | K116: =IF(K$86="","",K48/100*K$86) -> 93.372204 | ... AB116: =IF(AB$86="","",AB48/100*AB$86)
A117: =IF(A49="", "", CONCATENATE(A49, " [Nl/h]")) | C117: =IFERROR(AVERAGE(D117:AB117), "")
A118: =IF(A50="", "", CONCATENATE(A50, " [Nl/h]")) | C118: =IFERROR(AVERAGE(D118:AB118), "")
A120: TOS Carbon of Each Molecule | C120: Avg C' [g/h] | D120: TOS [min] ⇒ | E120: =E$17 | F120: =F$17 | G120: =G$17 | H120: =H$17 | I120: =I$17 | J120: =J$17 | K120: =K$17 | L120: =L$17 | ... AB120: =AB$17
A121: Methane | C121: =IFERROR(AVERAGE(D121:AB121), "") -> 0.041345737 | D121: =IFERROR((12.011*$AD52/$B20)*D52,"") -> 0.03679701 | E121: =IFERROR((12.011*$AD52/$B20)*E52,"") -> 0.04129008 | F121: =IFERROR((12.011*$AD52/$B20)*F52,"") -> 0.041443317 | G121: =IFERROR((12.011*$AD52/$B20)*G52,"") -> 0.041997681 | H121: =IFERROR((12.011*$AD52/$B20)*H52,"") -> 0.042206314 | I121: =IFERROR((12.011*$AD52/$B20)*I52,"") -> 0.041958211 | J121: =IFERROR((12.011*$AD52/$B20)*J52,"") -> 0.0421576 | K121: =IFERROR((12.011*$AD52/$B20)*K52,"") -> 0.04226844 | ... AB121: =IFERROR((12.011*$AD52/$B20)*AB52,"")
A122: Ethane | C122: =IFERROR(AVERAGE(D122:AB122), "") -> 9.2142992e-05 | D122: =IFERROR((12.011*$AD53/$B21)*D53,"") -> 0.00015926119 | E122: =IFERROR((12.011*$AD53/$B21)*E53,"") -> 0.00012355662 | F122: =IFERROR((12.011*$AD53/$B21)*F53,"") -> 0.0001135261 | G122: =IFERROR((12.011*$AD53/$B21)*G53,"") -> 0.0001090256 | H122: =IFERROR((12.011*$AD53/$B21)*H53,"") -> 0.00020749604 | I122: =IFERROR((12.011*$AD53/$B21)*I53,"") -> 6.2244941e-05 | J122: =IFERROR((12.011*$AD53/$B21)*J53,"") -> 5.6498077e-05 | K122: =IFERROR((12.011*$AD53/$B21)*K53,"") -> 4.8256121e-05 | ... AB122: =IFERROR((12.011*$AD53/$B21)*AB53,"")
A123: Ethylene | C123: =IFERROR(AVERAGE(D123:AB123), "") -> 0.052089595 | D123: =IFERROR((12.011*$AD54/$B22)*D54,"") -> 0.046653264 | E123: =IFERROR((12.011*$AD54/$B22)*E54,"") -> 0.052112615 | F123: =IFERROR((12.011*$AD54/$B22)*F54,"") -> 0.05235038 | G123: =IFERROR((12.011*$AD54/$B22)*G54,"") -> 0.053138474 | H123: =IFERROR((12.011*$AD54/$B22)*H54,"") -> 0.053268996 | I123: =IFERROR((12.011*$AD54/$B22)*I54,"") -> 0.052712496 | J123: =IFERROR((12.011*$AD54/$B22)*J54,"") -> 0.053079703 | K123: =IFERROR((12.011*$AD54/$B22)*K54,"") -> 0.052926846 | ... AB123: =IFERROR((12.011*$AD54/$B22)*AB54,"")
A124: Propane | C124: =IFERROR(AVERAGE(D124:AB124), "") -> 0 | D124: =IFERROR((12.011*$AD55/$B23)*D55,"") -> 0 | E124: =IFERROR((12.011*$AD55/$B23)*E55,"") -> 0 | F124: =IFERROR((12.011*$AD55/$B23)*F55,"") -> 0 | G124: =IFERROR((12.011*$AD55/$B23)*G55,"") -> 0 | H124: =IFERROR((12.011*$AD55/$B23)*H55,"") -> 0 | I124: =IFERROR((12.011*$AD55/$B23)*I55,"") -> 0 | J124: =IFERROR((12.011*$AD55/$B23)*J55,"") -> 0 | K124: =IFERROR((12.011*$AD55/$B23)*K55,"") -> 0 | ... AB124: =IFERROR((12.011*$AD55/$B23)*AB55,"")
A125: Propylene | C125: =IFERROR(AVERAGE(D125:AB125), "") -> 3.2118582e-05 | D125: =IFERROR((12.011*$AD56/$B24)*D56,"") -> 9.523939e-05 | E125: =IFERROR((12.011*$AD56/$B24)*E56,"") -> 7.9860158e-05 | F125: =IFERROR((12.011*$AD56/$B24)*F56,"") -> 5.3984773e-05 | G125: =IFERROR((12.011*$AD56/$B24)*G56,"") -> 4.0490676e-05 | H125: =IFERROR((12.011*$AD56/$B24)*H56,"") -> 8.350217e-05 | I125: =IFERROR((12.011*$AD56/$B24)*I56,"") -> 1.7557081e-05 | J125: =IFERROR((12.011*$AD56/$B24)*J56,"") -> 1.4788732e-05 | K125: =IFERROR((12.011*$AD56/$B24)*K56,"") -> 0 | ... AB125: =IFERROR((12.011*$AD56/$B24)*AB56,"")
A126: Butane | C126: =IFERROR(AVERAGE(D126:AB126), "") -> 6.9383074e-06 | D126: =IFERROR((12.011*$AD57/$B25)*D57,"") -> 2.464246e-05 | E126: =IFERROR((12.011*$AD57/$B25)*E57,"") -> 1.8193561e-05 | F126: =IFERROR((12.011*$AD57/$B25)*F57,"") -> 0 | G126: =IFERROR((12.011*$AD57/$B25)*G57,"") -> 0 | H126: =IFERROR((12.011*$AD57/$B25)*H57,"") -> 2.4613851e-05 | I126: =IFERROR((12.011*$AD57/$B25)*I57,"") -> 0 | J126: =IFERROR((12.011*$AD57/$B25)*J57,"") -> 0 | K126: =IFERROR((12.011*$AD57/$B25)*K57,"") -> 0 | ... AB126: =IFERROR((12.011*$AD57/$B25)*AB57,"")
A127: Pentane | C127: =IFERROR(AVERAGE(D127:AB127), "") -> 0 | D127: =IFERROR((12.011*$AD58/$B26)*D58,"") -> 0 | E127: =IFERROR((12.011*$AD58/$B26)*E58,"") -> 0 | F127: =IFERROR((12.011*$AD58/$B26)*F58,"") -> 0 | G127: =IFERROR((12.011*$AD58/$B26)*G58,"") -> 0 | H127: =IFERROR((12.011*$AD58/$B26)*H58,"") -> 0 | I127: =IFERROR((12.011*$AD58/$B26)*I58,"") -> 0 | J127: =IFERROR((12.011*$AD58/$B26)*J58,"") -> 0 | K127: =IFERROR((12.011*$AD58/$B26)*K58,"") -> 0 | ... AB127: =IFERROR((12.011*$AD58/$B26)*AB58,"")
A128: C6s (Isomers of hexane?) | C128: =IFERROR(AVERAGE(D128:AB128), "") -> 0 | D128: =IFERROR((12.011*$AD59/$B27)*D59,"") -> 0 | E128: =IFERROR((12.011*$AD59/$B27)*E59,"") -> 0 | F128: =IFERROR((12.011*$AD59/$B27)*F59,"") -> 0 | G128: =IFERROR((12.011*$AD59/$B27)*G59,"") -> 0 | H128: =IFERROR((12.011*$AD59/$B27)*H59,"") -> 0 | I128: =IFERROR((12.011*$AD59/$B27)*I59,"") -> 0 | J128: =IFERROR((12.011*$AD59/$B27)*J59,"") -> 0 | K128: =IFERROR((12.011*$AD59/$B27)*K59,"") -> 0 | ... AB128: =IFERROR((12.011*$AD59/$B27)*AB59,"")
A129: Hexane | C129: =IFERROR(AVERAGE(D129:AB129), "") -> 0 | D129: =IFERROR((12.011*$AD60/$B28)*D60,"") -> 0 | E129: =IFERROR((12.011*$AD60/$B28)*E60,"") -> 0 | F129: =IFERROR((12.011*$AD60/$B28)*F60,"") -> 0 | G129: =IFERROR((12.011*$AD60/$B28)*G60,"") -> 0 | H129: =IFERROR((12.011*$AD60/$B28)*H60,"") -> 0 | I129: =IFERROR((12.011*$AD60/$B28)*I60,"") -> 0 | J129: =IFERROR((12.011*$AD60/$B28)*J60,"") -> 0 | K129: =IFERROR((12.011*$AD60/$B28)*K60,"") -> 0 | ... AB129: =IFERROR((12.011*$AD60/$B28)*AB60,"")
A130: C4 | C130: =IFERROR(AVERAGE(D130:AB130), "") -> 0.00022855663 | D130: =IFERROR((12.011*$AD61/$B29)*D61,"") -> 3.1674994e-05 | E130: =IFERROR((12.011*$AD61/$B29)*E61,"") -> 0.00039476836 | F130: =IFERROR((12.011*$AD61/$B29)*F61,"") -> 0.00036660467 | G130: =IFERROR((12.011*$AD61/$B29)*G61,"") -> 0.00041280117 | H130: =IFERROR((12.011*$AD61/$B29)*H61,"") -> 0.00092557006 | I130: =IFERROR((12.011*$AD61/$B29)*I61,"") -> 0.00043033932 | J130: =IFERROR((12.011*$AD61/$B29)*J61,"") -> 6.9334184e-05 | K130: =IFERROR((12.011*$AD61/$B29)*K61,"") -> 3.1893229e-05 | ... AB130: =IFERROR((12.011*$AD61/$B29)*AB61,"")
A131: C5 | C131: =IFERROR(AVERAGE(D131:AB131), "") -> 0 | D131: =IFERROR((12.011*$AD62/$B30)*D62,"") -> 0 | E131: =IFERROR((12.011*$AD62/$B30)*E62,"") -> 0 | F131: =IFERROR((12.011*$AD62/$B30)*F62,"") -> 0 | G131: =IFERROR((12.011*$AD62/$B30)*G62,"") -> 0 | H131: =IFERROR((12.011*$AD62/$B30)*H62,"") -> 0 | I131: =IFERROR((12.011*$AD62/$B30)*I62,"") -> 0 | J131: =IFERROR((12.011*$AD62/$B30)*J62,"") -> 0 | K131: =IFERROR((12.011*$AD62/$B30)*K62,"") -> 0 | ... AB131: =IFERROR((12.011*$AD62/$B30)*AB62,"")
A132: C6 | C132: =IFERROR(AVERAGE(D132:AB132), "") -> 3.2397306e-06 | D132: =IFERROR((12.011*$AD63/$B31)*D63,"") -> 0 | E132: =IFERROR((12.011*$AD63/$B31)*E63,"") -> 3.8876768e-05 | F132: =IFERROR((12.011*$AD63/$B31)*F63,"") -> 0 | G132: =IFERROR((12.011*$AD63/$B31)*G63,"") -> 0 | H132: =IFERROR((12.011*$AD63/$B31)*H63,"") -> 0 | I132: =IFERROR((12.011*$AD63/$B31)*I63,"") -> 0 | J132: =IFERROR((12.011*$AD63/$B31)*J63,"") -> 0 | K132: =IFERROR((12.011*$AD63/$B31)*K63,"") -> 0 | ... AB132: =IFERROR((12.011*$AD63/$B31)*AB63,"")
... A149: N2 | C149: =IFERROR(AVERAGE(D149:AB149), "") -> 0 | D149: =IFERROR((12.011*$AD80/$B48)*D80,"") -> 0 | E149: =IFERROR((12.011*$AD80/$B48)*E80,"") -> 0 | F149: =IFERROR((12.011*$AD80/$B48)*F80,"") -> 0 | G149: =IFERROR((12.011*$AD80/$B48)*G80,"") -> 0 | H149: =IFERROR((12.011*$AD80/$B48)*H80,"") -> 0 | I149: =IFERROR((12.011*$AD80/$B48)*I80,"") -> 0 | J149: =IFERROR((12.011*$AD80/$B48)*J80,"") -> 0 | K149: =IFERROR((12.011*$AD80/$B48)*K80,"") -> 0 | ... AB149: =IFERROR((12.011*$AD80/$B48)*AB80,"")
A150: Total | C150: =SUM(C121:C149) -> 0.35612387 | D150: =IF(SUM(D121:D149)=0,"",SUM(D121:D149)) -> 0.31504261 | E150: =IF(SUM(E121:E149)=0,"",SUM(E121:E149)) -> 0.361613 | F150: =IF(SUM(F121:F149)=0,"",SUM(F121:F149)) -> 0.36297878 | G150: =IF(SUM(G121:G149)=0,"",SUM(G121:G149)) -> 0.36944954 | H150: =IF(SUM(H121:H149)=0,"",SUM(H121:H149)) -> 0.3735807 | I150: =IF(SUM(I121:I149)=0,"",SUM(I121:I149)) -> 0.36888566 | J150: =IF(SUM(J121:J149)=0,"",SUM(J121:J149)) -> 0.37064792 | K150: =IF(SUM(K121:K149)=0,"",SUM(K121:K149)) -> 0.36899972 | ... AB150: =IF(SUM(AB121:AB149)=0,"",SUM(AB121:AB149))

Sheet R3_MB
A1: Run Number | C1: ='R2_MB'!C1 -> R6-C1-S1
A2: Run Objective | C2: ='R2_MB'!C2
A3: Run Start Date | C3: =Run_Plan!$B$3 -> 45425.583 | E3: Duration of Sampling | F3: =(C6-C5)*1440 -> 6
A4: Condition and Sample Number | C4: =Liq!B4 -> C1-S1 | E4: Average Time-on-Stream | F4: =24*((C5+C6)/2-C3) -> 17.916667
A5: Sample Collection Started | C5: =Liq!B5 -> 45426.328 | E5: Average Ar Flow to Reactor | F5: =Gas!D20 -> 0 | H5: GC injection time lies outside sampling duration - check!
A6: Sample Collection Finished | C6: =Liq!B6 -> 45426.332 | H6: {=MIN(IF(D16:XFD16<>0,D16:XFD16))} -> 0 | I6: {=MAX(IF(D16:XFD16<>0,D16:XFD16))} -> 0 | K6: =IF(AND(H7=TRUE,I7=TRUE),"Pass","Fail") -> Pass
H7: =IF(Liq!D3>'R1_MB'!H6,"NA",TRUE) -> TRUE | I7: =IF(Liq!D6<'R1_MB'!I6,"NA",TRUE) -> TRUE
A8: Flow Rate of Liquid Feed [g/h] | C8: =Liq!D13
A9: Flow Rate of Gas Feed [g/h] | C9: =IFERROR(Gas!D12-Gas!D20,"") -> 0 | D9: (Without Ar)
A10: Flow Rate of HC TLP [g/h] | C10: =Liq!D40 -> 0
A11: Flow Rate of Aqueous TLP [g/h] | C11: =Liq!D41
A12: Flow Rate of Gas Product [g/h] | C12: =SUM(C52:C74,C76:C80) -> 0 | D12: (Without Ar)
A13: Mass Balance Closure [%] | C13: =IFERROR(100*(C12+C11+C10)/(C9+C8),"")
A15: GC Analysis Rep Number for the Reactor
A16: Date and Time
A17: Cumulative Time Lapsed [min] | D17: =IF(D15="", "", (D16-$D$16)*1440) | E17: =IF(E15="", "", (E16-$D$16)*1440) | F17: =IF(F15="", "", (F16-$D$16)*1440) | G17: =IF(G15="", "", (G16-$D$16)*1440) | I17: =IF(I15="", "", (I16-$D$16)*1440) | J17: =IF(J15="", "", (J16-$D$16)*1440) | K17: =IF(K15="", "", (K16-$D$16)*1440) | L17: =IF(L15="", "", (L16-$D$16)*1440) | M17: =IF(M15="", "", (M16-$D$16)*1440) | N17: =IF(N15="", "", (N16-$D$16)*1440) | O17: =IF(O15="", "", (O16-$D$16)*1440) | P17: =IF(P15="", "", (P16-$D$16)*1440) | ... AB17: =IF(AB15="", "", (AB16-$D$16)*1440)
A18: Time Elapsed Between Two Reps [min] | E18: =IF(E17="", "", E17-D17) | F18: =IF(F17="", "", F17-E17) | G18: =IF(G17="", "", G17-F17) | I18: =IF(I17="", "", I17-H17) | J18: =IF(J17="", "", J17-I17) | K18: =IF(K17="", "", K17-J17) | L18: =IF(L17="", "", L17-K17) | M18: =IF(M17="", "", M17-L17) | N18: =IF(N17="", "", N17-M17) | O18: =IF(O17="", "", O17-N17) | P18: =IF(P17="", "", P17-O17) | ... AB18: =IF(AB17="", "", AB17-AA17)
A19: Normalized Mol% | B19: Mol Wt
A20: Methane | B20: 16.04
A21: Ethane | B21: 30.07
A22: Ethylene | B22: 28.05
A23: Propane | B23: 44.1
A24: Propylene | B24: 42.08
A25: Butane | B25: 58.12
A26: Pentane | B26: 72.15
A27: C6s (Isomers of hexane?) | B27: 86.18
A28: Hexane | B28: 86.18
A29: C4 | B29: 58.12
A30: C5 | B30: 72.15
A31: C6 | B31: 86.18
... A48: N2 | B48: 28.0134
A51: Mass Flow Rates of Each Molecule | C51: Avg Flow Rate | AC51: C" Mass Flow Rate (g/h) | AD51: Number of "C' Atom
A52: =IF(A20="", "", CONCATENATE(A20, " [g/h]")) -> Methane [g/h] | C52: =IFERROR(AVERAGE(D52:AB52), "") | D52: =IF(SUM(D20:D48)=0, "", (D20*$B20/(D$43*$B$43))*$F$5) | E52: =IF(SUM(E20:E48)=0, "", (E20*$B20/(E$43*$B$43))*$F$5) | F52: =IF(SUM(F20:F48)=0, "", (F20*$B20/(F$43*$B$43))*$F$5) | G52: =IF(SUM(G20:G48)=0, "", (G20*$B20/(G$43*$B$43))*$F$5) | H52: =IF(SUM(H20:H48)=0, "", (H20*$B20/(H$43*$B$43))*$F$5) | I52: =IF(SUM(I20:I48)=0, "", (I20*$B20/(I$43*$B$43))*$F$5) | J52: =IF(SUM(J20:J48)=0, "", (J20*$B20/(J$43*$B$43))*$F$5) | K52: =IF(SUM(K20:K48)=0, "", (K20*$B20/(K$43*$B$43))*$F$5) | ... AB52: =IF(SUM(AB20:AB48)=0, "", (AB20*$B20/(AB$43*$B$43))*$F$5) | AC52: =(12.011*$AD52/$B20)*$C52 -> #VALUE! | AD52: 1
A53: =IF(A21="", "", CONCATENATE(A21, " [g/h]")) -> Ethane [g/h] | C53: =IFERROR(AVERAGE(D53:AB53), "") | D53: =IF(SUM(D21:D49)=0, "", (D21*$B21/(D$43*$B$43))*$F$5) | E53: =IF(SUM(E21:E49)=0, "", (E21*$B21/(E$43*$B$43))*$F$5) | F53: =IF(SUM(F21:F49)=0, "", (F21*$B21/(F$43*$B$43))*$F$5) | G53: =IF(SUM(G21:G49)=0, "", (G21*$B21/(G$43*$B$43))*$F$5) | H53: =IF(SUM(H21:H49)=0, "", (H21*$B21/(H$43*$B$43))*$F$5) | I53: =IF(SUM(I21:I49)=0, "", (I21*$B21/(I$43*$B$43))*$F$5) | J53: =IF(SUM(J21:J49)=0, "", (J21*$B21/(J$43*$B$43))*$F$5) | K53: =IF(SUM(K21:K49)=0, "", (K21*$B21/(K$43*$B$43))*$F$5) | ... AB53: =IF(SUM(AB21:AB49)=0, "", (AB21*$B21/(AB$43*$B$43))*$F$5) | AC53: =(12.011*$AD53/$B21)*$C53 -> #VALUE! | AD53: 2
A54: =IF(A22="", "", CONCATENATE(A22, " [g/h]")) -> Ethylene [g/h] | C54: =IFERROR(AVERAGE(D54:AB54), "") | D54: =IF(SUM(D22:D50)=0, "", (D22*$B22/(D$43*$B$43))*$F$5) | E54: =IF(SUM(E22:E50)=0, "", (E22*$B22/(E$43*$B$43))*$F$5) | F54: =IF(SUM(F22:F50)=0, "", (F22*$B22/(F$43*$B$43))*$F$5) | G54: =IF(SUM(G22:G50)=0, "", (G22*$B22/(G$43*$B$43))*$F$5) | H54: =IF(SUM(H22:H50)=0, "", (H22*$B22/(H$43*$B$43))*$F$5) | I54: =IF(SUM(I22:I50)=0, "", (I22*$B22/(I$43*$B$43))*$F$5) | J54: =IF(SUM(J22:J50)=0, "", (J22*$B22/(J$43*$B$43))*$F$5) | K54: =IF(SUM(K22:K50)=0, "", (K22*$B22/(K$43*$B$43))*$F$5) | ... AB54: =IF(SUM(AB22:AB50)=0, "", (AB22*$B22/(AB$43*$B$43))*$F$5) | AC54: =(12.011*$AD54/$B22)*$C54 -> #VALUE! | AD54: 2
A55: =IF(A23="", "", CONCATENATE(A23, " [g/h]")) -> Propane [g/h] | C55: =IFERROR(AVERAGE(D55:AB55), "") | D55: =IF(SUM(D23:D51)=0, "", (D23*$B23/(D$43*$B$43))*$F$5) | E55: =IF(SUM(E23:E51)=0, "", (E23*$B23/(E$43*$B$43))*$F$5) | F55: =IF(SUM(F23:F51)=0, "", (F23*$B23/(F$43*$B$43))*$F$5) | G55: =IF(SUM(G23:G51)=0, "", (G23*$B23/(G$43*$B$43))*$F$5) | H55: =IF(SUM(H23:H51)=0, "", (H23*$B23/(H$43*$B$43))*$F$5) | I55: =IF(SUM(I23:I51)=0, "", (I23*$B23/(I$43*$B$43))*$F$5) | J55: =IF(SUM(J23:J51)=0, "", (J23*$B23/(J$43*$B$43))*$F$5) | K55: =IF(SUM(K23:K51)=0, "", (K23*$B23/(K$43*$B$43))*$F$5) | ... AB55: =IF(SUM(AB23:AB51)=0, "", (AB23*$B23/(AB$43*$B$43))*$F$5) | AC55: =(12.011*$AD55/$B23)*$C55 -> #VALUE! | AD55: 3
A56: =IF(A24="", "", CONCATENATE(A24, " [g/h]")) -> Propylene [g/h] | C56: =IFERROR(AVERAGE(D56:AB56), "") | D56: =IF(SUM(D24:D52)=0, "", (D24*$B24/(D$43*$B$43))*$F$5) | E56: =IF(SUM(E24:E52)=0, "", (E24*$B24/(E$43*$B$43))*$F$5) | F56: =IF(SUM(F24:F52)=0, "", (F24*$B24/(F$43*$B$43))*$F$5) | G56: =IF(SUM(G24:G52)=0, "", (G24*$B24/(G$43*$B$43))*$F$5) | H56: =IF(SUM(H24:H52)=0, "", (H24*$B24/(H$43*$B$43))*$F$5) | I56: =IF(SUM(I24:I52)=0, "", (I24*$B24/(I$43*$B$43))*$F$5) | J56: =IF(SUM(J24:J52)=0, "", (J24*$B24/(J$43*$B$43))*$F$5) | K56: =IF(SUM(K24:K52)=0, "", (K24*$B24/(K$43*$B$43))*$F$5) | ... AB56: =IF(SUM(AB24:AB52)=0, "", (AB24*$B24/(AB$43*$B$43))*$F$5) | AC56: =(12.011*$AD56/$B24)*$C56 -> #VALUE! | AD56: 3
A57: =IF(A25="", "", CONCATENATE(A25, " [g/h]")) -> Butane [g/h] | C57: =IFERROR(AVERAGE(D57:AB57), "") | D57: =IF(SUM(D25:D53)=0, "", (D25*$B25/(D$43*$B$43))*$F$5) | E57: =IF(SUM(E25:E53)=0, "", (E25*$B25/(E$43*$B$43))*$F$5) | F57: =IF(SUM(F25:F53)=0, "", (F25*$B25/(F$43*$B$43))*$F$5) | G57: =IF(SUM(G25:G53)=0, "", (G25*$B25/(G$43*$B$43))*$F$5) | H57: =IF(SUM(H25:H53)=0, "", (H25*$B25/(H$43*$B$43))*$F$5) | I57: =IF(SUM(I25:I53)=0, "", (I25*$B25/(I$43*$B$43))*$F$5) | J57: =IF(SUM(J25:J53)=0, "", (J25*$B25/(J$43*$B$43))*$F$5) | K57: =IF(SUM(K25:K53)=0, "", (K25*$B25/(K$43*$B$43))*$F$5) | ... AB57: =IF(SUM(AB25:AB53)=0, "", (AB25*$B25/(AB$43*$B$43))*$F$5) | AC57: =(12.011*$AD57/$B25)*$C57 -> #VALUE! | AD57: 4
A58: =IF(A26="", "", CONCATENATE(A26, " [g/h]")) -> Pentane [g/h] | C58: =IFERROR(AVERAGE(D58:AB58), "") | D58: =IF(SUM(D26:D54)=0, "", (D26*$B26/(D$43*$B$43))*$F$5) | E58: =IF(SUM(E26:E54)=0, "", (E26*$B26/(E$43*$B$43))*$F$5) | F58: =IF(SUM(F26:F54)=0, "", (F26*$B26/(F$43*$B$43))*$F$5) | G58: =IF(SUM(G26:G54)=0, "", (G26*$B26/(G$43*$B$43))*$F$5) | H58: =IF(SUM(H26:H54)=0, "", (H26*$B26/(H$43*$B$43))*$F$5) | I58: =IF(SUM(I26:I54)=0, "", (I26*$B26/(I$43*$B$43))*$F$5) | J58: =IF(SUM(J26:J54)=0, "", (J26*$B26/(J$43*$B$43))*$F$5) | K58: =IF(SUM(K26:K54)=0, "", (K26*$B26/(K$43*$B$43))*$F$5) | ... AB58: =IF(SUM(AB26:AB54)=0, "", (AB26*$B26/(AB$43*$B$43))*$F$5) | AC58: =(12.011*$AD58/$B26)*$C58 -> #VALUE! | AD58: 5
A59: =IF(A27="", "", CONCATENATE(A27, " [g/h]")) -> C6s (Isomers of hexane?) [g/h] | C59: =IFERROR(AVERAGE(D59:AB59), "") | D59: =IF(SUM(D27:D55)=0, "", (D27*$B27/(D$43*$B$43))*$F$5) | E59: =IF(SUM(E27:E55)=0, "", (E27*$B27/(E$43*$B$43))*$F$5) | F59: =IF(SUM(F27:F55)=0, "", (F27*$B27/(F$43*$B$43))*$F$5) | G59: =IF(SUM(G27:G55)=0, "", (G27*$B27/(G$43*$B$43))*$F$5) | H59: =IF(SUM(H27:H55)=0, "", (H27*$B27/(H$43*$B$43))*$F$5) | I59: =IF(SUM(I27:I55)=0, "", (I27*$B27/(I$43*$B$43))*$F$5) | J59: =IF(SUM(J27:J55)=0, "", (J27*$B27/(J$43*$B$43))*$F$5) | K59: =IF(SUM(K27:K55)=0, "", (K27*$B27/(K$43*$B$43))*$F$5) | ... AB59: =IF(SUM(AB27:AB55)=0, "", (AB27*$B27/(AB$43*$B$43))*$F$5) | AC59: =(12.011*$AD59/$B27)*$C59 -> #VALUE! | AD59: 6
A60: =IF(A28="", "", CONCATENATE(A28, " [g/h]")) -> Hexane [g/h] | C60: =IFERROR(AVERAGE(D60:AB60), "") | D60: =IF(SUM(D28:D56)=0, "", (D28*$B28/(D$43*$B$43))*$F$5) | E60: =IF(SUM(E28:E56)=0, "", (E28*$B28/(E$43*$B$43))*$F$5) | F60: =IF(SUM(F28:F56)=0, "", (F28*$B28/(F$43*$B$43))*$F$5) | G60: =IF(SUM(G28:G56)=0, "", (G28*$B28/(G$43*$B$43))*$F$5) | H60: =IF(SUM(H28:H56)=0, "", (H28*$B28/(H$43*$B$43))*$F$5) | I60: =IF(SUM(I28:I56)=0, "", (I28*$B28/(I$43*$B$43))*$F$5) | J60: =IF(SUM(J28:J56)=0, "", (J28*$B28/(J$43*$B$43))*$F$5) | K60: =IF(SUM(K28:K56)=0, "", (K28*$B28/(K$43*$B$43))*$F$5) | ... AB60: =IF(SUM(AB28:AB56)=0, "", (AB28*$B28/(AB$43*$B$43))*$F$5) | AC60: =(12.011*$AD60/$B28)*$C60 -> #VALUE! | AD60: 6
A61: =IF(A29="", "", CONCATENATE(A29, " [g/h]")) -> C4 [g/h] | C61: =IFERROR(AVERAGE(D61:AB61), "") | D61: =IF(SUM(D29:D57)=0, "", (D29*$B29/(D$43*$B$43))*$F$5) | E61: =IF(SUM(E29:E57)=0, "", (E29*$B29/(E$43*$B$43))*$F$5) | F61: =IF(SUM(F29:F57)=0, "", (F29*$B29/(F$43*$B$43))*$F$5) | G61: =IF(SUM(G29:G57)=0, "", (G29*$B29/(G$43*$B$43))*$F$5) | H61: =IF(SUM(H29:H57)=0, "", (H29*$B29/(H$43*$B$43))*$F$5) | I61: =IF(SUM(I29:I57)=0, "", (I29*$B29/(I$43*$B$43))*$F$5) | J61: =IF(SUM(J29:J57)=0, "", (J29*$B29/(J$43*$B$43))*$F$5) | K61: =IF(SUM(K29:K57)=0, "", (K29*$B29/(K$43*$B$43))*$F$5) | ... AB61: =IF(SUM(AB29:AB57)=0, "", (AB29*$B29/(AB$43*$B$43))*$F$5) | AC61: =(12.011*$AD61/$B29)*$C61 -> #VALUE! | AD61: 4
A62: =IF(A30="", "", CONCATENATE(A30, " [g/h]")) -> C5 [g/h] | C62: =IFERROR(AVERAGE(D62:AB62), "") | D62: =IF(SUM(D30:D58)=0, "", (D30*$B30/(D$43*$B$43))*$F$5) | E62: =IF(SUM(E30:E58)=0, "", (E30*$B30/(E$43*$B$43))*$F$5) | F62: =IF(SUM(F30:F58)=0, "", (F30*$B30/(F$43*$B$43))*$F$5) | G62: =IF(SUM(G30:G58)=0, "", (G30*$B30/(G$43*$B$43))*$F$5) | H62: =IF(SUM(H30:H58)=0, "", (H30*$B30/(H$43*$B$43))*$F$5) | I62: =IF(SUM(I30:I58)=0, "", (I30*$B30/(I$43*$B$43))*$F$5) | J62: =IF(SUM(J30:J58)=0, "", (J30*$B30/(J$43*$B$43))*$F$5) | K62: =IF(SUM(K30:K58)=0, "", (K30*$B30/(K$43*$B$43))*$F$5) | ... AB62: =IF(SUM(AB30:AB58)=0, "", (AB30*$B30/(AB$43*$B$43))*$F$5) | AC62: =(12.011*$AD62/$B30)*$C62 -> #VALUE! | AD62: 5
A63: =IF(A31="", "", CONCATENATE(A31, " [g/h]")) -> C6 [g/h] | C63: =IFERROR(AVERAGE(D63:AB63), "") | D63: =IF(SUM(D31:D59)=0, "", (D31*$B31/(D$43*$B$43))*$F$5) | E63: =IF(SUM(E31:E59)=0, "", (E31*$B31/(E$43*$B$43))*$F$5) | F63: =IF(SUM(F31:F59)=0, "", (F31*$B31/(F$43*$B$43))*$F$5) | G63: =IF(SUM(G31:G59)=0, "", (G31*$B31/(G$43*$B$43))*$F$5) | H63: =IF(SUM(H31:H59)=0, "", (H31*$B31/(H$43*$B$43))*$F$5) | I63: =IF(SUM(I31:I59)=0, "", (I31*$B31/(I$43*$B$43))*$F$5) | J63: =IF(SUM(J31:J59)=0, "", (J31*$B31/(J$43*$B$43))*$F$5) | K63: =IF(SUM(K31:K59)=0, "", (K31*$B31/(K$43*$B$43))*$F$5) | ... AB63: =IF(SUM(AB31:AB59)=0, "", (AB31*$B31/(AB$43*$B$43))*$F$5) | AC63: =(12.011*$AD63/$B31)*$C63 -> #VALUE! | AD63: 6
... A80: =IF(A48="", "", CONCATENATE(A48, " [g/h]")) -> N2 [g/h] | C80: =IFERROR(AVERAGE(D80:AB80), "") | D80: =IF(SUM(D48:D76)=0, "", (D48*$B48/(D$43*$B$43))*$F$5) | E80: =IF(SUM(E48:E76)=0, "", (E48*$B48/(E$43*$B$43))*$F$5) | F80: =IF(SUM(F48:F76)=0, "", (F48*$B48/(F$43*$B$43))*$F$5) | G80: =IF(SUM(G48:G76)=0, "", (G48*$B48/(G$43*$B$43))*$F$5) | H80: =IF(SUM(H48:H76)=0, "", (H48*$B48/(H$43*$B$43))*$F$5) | I80: =IF(SUM(I48:I76)=0, "", (I48*$B48/(I$43*$B$43))*$F$5) | J80: =IF(SUM(J48:J76)=0, "", (J48*$B48/(J$43*$B$43))*$F$5) | K80: =IF(SUM(K48:K76)=0, "", (K48*$B48/(K$43*$B$43))*$F$5) | ... AB80: =IF(SUM(AB48:AB76)=0, "", (AB48*$B48/(AB$43*$B$43))*$F$5) | AC80: =(12.011*$AD80/$B48)*$C80 -> #VALUE! | AD80: 0
A81: =IF(A49="", "", CONCATENATE(A49, " [g/h]")) | C81: =IFERROR(AVERAGE(D81:AB81), "") | D81: =IF(SUM(D49:D77)=0, "", (D49*$B49/(D$43*$B$43))*$F$5) | E81: =IF(SUM(E49:E77)=0, "", (E49*$B49/(E$43*$B$43))*$F$5) | F81: =IF(SUM(F49:F77)=0, "", (F49*$B49/(F$43*$B$43))*$F$5) | G81: =IF(SUM(G49:G77)=0, "", (G49*$B49/(G$43*$B$43))*$F$5) | H81: =IF(SUM(H49:H77)=0, "", (H49*$B49/(H$43*$B$43))*$F$5) | I81: =IF(SUM(I49:I77)=0, "", (I49*$B49/(I$43*$B$43))*$F$5) | J81: =IF(SUM(J49:J77)=0, "", (J49*$B49/(J$43*$B$43))*$F$5) | K81: =IF(SUM(K49:K77)=0, "", (K49*$B49/(K$43*$B$43))*$F$5) | ... AB81: =IF(SUM(AB49:AB77)=0, "", (AB49*$B49/(AB$43*$B$43))*$F$5)
A82: Flow Rate of HC Gases [g/h] | C82: =IFERROR(AVERAGE(D82:AB82), "") | D82: =IF(SUM(D52:D81)=0,"",SUM(D52:D73,D78,D79)) | E82: =IF(SUM(E52:E81)=0,"",SUM(E52:E73,E78,E79)) | F82: =IF(SUM(F52:F81)=0,"",SUM(F52:F73,F78,F79)) | G82: =IF(SUM(G52:G81)=0,"",SUM(G52:G73,G78,G79)) | H82: =IF(SUM(H52:H81)=0,"",SUM(H52:H73,H78,H79)) | I82: =IF(SUM(I52:I81)=0,"",SUM(I52:I73,I78,I79)) | J82: =IF(SUM(J52:J81)=0,"",SUM(J52:J73,J78,J79)) | K82: =IF(SUM(K52:K81)=0,"",SUM(K52:K73,K78,K79)) | ... AB82: =IF(SUM(AB52:AB81)=0,"",SUM(AB52:AB73,AB78,AB79))
A83: Flow Rate of COx Gases [g/h] | C83: =IFERROR(AVERAGE(D83:AB83), "") | D83: =IFERROR(D74+D76,"") | E83: =IFERROR(E74+E76,"") | F83: =IFERROR(F74+F76,"") | G83: =IFERROR(G74+G76,"") | H83: =IFERROR(H74+H76,"") | I83: =IFERROR(I74+I76,"") | J83: =IFERROR(J74+J76,"") | K83: =IFERROR(K74+K76,"") | ... AB83: =IFERROR(AB74+AB76,"")
A84: Flow Rate of HC & COx Gases [g/h] | C84: =IFERROR(AVERAGE(D84:AB84), "") | D84: =IF(SUM(D82:D83)=0,"",SUM(D82:D83)) | E84: =IF(SUM(E82:E83)=0,"",SUM(E82:E83)) | F84: =IF(SUM(F82:F83)=0,"",SUM(F82:F83)) | G84: =IF(SUM(G82:G83)=0,"",SUM(G82:G83)) | H84: =IF(SUM(H82:H83)=0,"",SUM(H82:H83)) | I84: =IF(SUM(I82:I83)=0,"",SUM(I82:I83)) | J84: =IF(SUM(J82:J83)=0,"",SUM(J82:J83)) | K84: =IF(SUM(K82:K83)=0,"",SUM(K82:K83)) | ... AB84: =IF(SUM(AB82:AB83)=0,"",SUM(AB82:AB83))
A86: Total Volumetric Flow rate out [NL/h] | C86: =IFERROR(AVERAGE(D86:AB86), "") | D86: =IF(D$75="","",D$75/Gas!$I$35*Gas!$B$11) | E86: =IF(E$75="","",E$75/Gas!$I$35*Gas!$B$11) | F86: =IF(F$75="","",F$75/Gas!$I$35*Gas!$B$11) | G86: =IF(G$75="","",G$75/Gas!$I$35*Gas!$B$11) | H86: =IF(H$75="","",H$75/Gas!$I$35*Gas!$B$11) | I86: =IF(I$75="","",I$75/Gas!$I$35*Gas!$B$11) | J86: =IF(J$75="","",J$75/Gas!$I$35*Gas!$B$11) | K86: =IF(K$75="","",K$75/Gas!$I$35*Gas!$B$11) | ... AB86: =IF(AB$75="","",AB$75/Gas!$I$35*Gas!$B$11)
A87: Volumetric Flow Rates of Each Molecule | C87: Avg Flow Rate
A88: =IF(A20="", "", CONCATENATE(A20, " [Nl/h]")) -> Methane [Nl/h] | C88: =IFERROR(AVERAGE(D88:AB88), "") | D88: =IF(D$86="","",D20/100*D$86) | E88: =IF(E$86="","",E20/100*E$86) | F88: =IF(F$86="","",F20/100*F$86) | G88: =IF(G$86="","",G20/100*G$86) | H88: =IF(H$86="","",H20/100*H$86) | I88: =IF(I$86="","",I20/100*I$86) | J88: =IF(J$86="","",J20/100*J$86) | K88: =IF(K$86="","",K20/100*K$86) | ... AB88: =IF(AB$86="","",AB20/100*AB$86)
A89: =IF(A21="", "", CONCATENATE(A21, " [Nl/h]")) -> Ethane [Nl/h] | C89: =IFERROR(AVERAGE(D89:AB89), "") | D89: =IF(D$86="","",D21/100*D$86) | E89: =IF(E$86="","",E21/100*E$86) | F89: =IF(F$86="","",F21/100*F$86) | G89: =IF(G$86="","",G21/100*G$86) | H89: =IF(H$86="","",H21/100*H$86) | I89: =IF(I$86="","",I21/100*I$86) | J89: =IF(J$86="","",J21/100*J$86) | K89: =IF(K$86="","",K21/100*K$86) | ... AB89: =IF(AB$86="","",AB21/100*AB$86)
A90: =IF(A22="", "", CONCATENATE(A22, " [Nl/h]")) -> Ethylene [Nl/h] | C90: =IFERROR(AVERAGE(D90:AB90), "") | D90: =IF(D$86="","",D22/100*D$86) | E90: =IF(E$86="","",E22/100*E$86) | F90: =IF(F$86="","",F22/100*F$86) | G90: =IF(G$86="","",G22/100*G$86) | H90: =IF(H$86="","",H22/100*H$86) | I90: =IF(I$86="","",I22/100*I$86) | J90: =IF(J$86="","",J22/100*J$86) | K90: =IF(K$86="","",K22/100*K$86) | ... AB90: =IF(AB$86="","",AB22/100*AB$86)
A91: =IF(A23="", "", CONCATENATE(A23, " [Nl/h]")) -> Propane [Nl/h] | C91: =IFERROR(AVERAGE(D91:AB91), "") | D91: =IF(D$86="","",D23/100*D$86) | E91: =IF(E$86="","",E23/100*E$86) | F91: =IF(F$86="","",F23/100*F$86) | G91: =IF(G$86="","",G23/100*G$86) | H91: =IF(H$86="","",H23/100*H$86) | I91: =IF(I$86="","",I23/100*I$86) | J91: =IF(J$86="","",J23/100*J$86) | K91: =IF(K$86="","",K23/100*K$86) | ... AB91: =IF(AB$86="","",AB23/100*AB$86)
A92: =IF(A24="", "", CONCATENATE(A24, " [Nl/h]")) -> Propylene [Nl/h] | C92: =IFERROR(AVERAGE(D92:AB92), "") | D92: =IF(D$86="","",D24/100*D$86) | E92: =IF(E$86="","",E24/100*E$86) | F92: =IF(F$86="","",F24/100*F$86) | G92: =IF(G$86="","",G24/100*G$86) | H92: =IF(H$86="","",H24/100*H$86) | I92: =IF(I$86="","",I24/100*I$86) | J92: =IF(J$86="","",J24/100*J$86) | K92: =IF(K$86="","",K24/100*K$86) | ... AB92: =IF(AB$86="","",AB24/100*AB$86)
A93: =IF(A25="", "", CONCATENATE(A25, " [Nl/h]")) -> Butane [Nl/h] | C93: =IFERROR(AVERAGE(D93:AB93), "") | D93: =IF(D$86="","",D25/100*D$86) | E93: =IF(E$86="","",E25/100*E$86) | F93: =IF(F$86="","",F25/100*F$86) | G93: =IF(G$86="","",G25/100*G$86) | H93: =IF(H$86="","",H25/100*H$86) | I93: =IF(I$86="","",I25/100*I$86) | J93: =IF(J$86="","",J25/100*J$86) | K93: =IF(K$86="","",K25/100*K$86) | ... AB93: =IF(AB$86="","",AB25/100*AB$86)
A94: =IF(A26="", "", CONCATENATE(A26, " [Nl/h]")) -> Pentane [Nl/h] | C94: =IFERROR(AVERAGE(D94:AB94), "") | D94: =IF(D$86="","",D26/100*D$86) | E94: =IF(E$86="","",E26/100*E$86) | F94: =IF(F$86="","",F26/100*F$86) | G94: =IF(G$86="","",G26/100*G$86) | H94: =IF(H$86="","",H26/100*H$86) | I94: =IF(I$86="","",I26/100*I$86) | J94: =IF(J$86="","",J26/100*J$86) | K94: =IF(K$86="","",K26/100*K$86) | ... AB94: =IF(AB$86="","",AB26/100*AB$86)
A95: =IF(A27="", "", CONCATENATE(A27, " [Nl/h]")) -> C6s (Isomers of hexane?) [Nl/h] | C95: =IFERROR(AVERAGE(D95:AB95), "") | D95: =IF(D$86="","",D27/100*D$86) | E95: =IF(E$86="","",E27/100*E$86) | F95: =IF(F$86="","",F27/100*F$86) | G95: =IF(G$86="","",G27/100*G$86) | H95: =IF(H$86="","",H27/100*H$86) | I95: =IF(I$86="","",I27/100*I$86) | J95: =IF(J$86="","",J27/100*J$86) | K95: =IF(K$86="","",K27/100*K$86) | ... AB95: =IF(AB$86="","",AB27/100*AB$86)
A96: =IF(A28="", "", CONCATENATE(A28, " [Nl/h]")) -> Hexane [Nl/h] | C96: =IFERROR(AVERAGE(D96:AB96), "") | D96: =IF(D$86="","",D28/100*D$86) | E96: =IF(E$86="","",E28/100*E$86) | F96: =IF(F$86="","",F28/100*F$86) | G96: =IF(G$86="","",G28/100*G$86) | H96: =IF(H$86="","",H28/100*H$86) | I96: =IF(I$86="","",I28/100*I$86) | J96: =IF(J$86="","",J28/100*J$86) | K96: =IF(K$86="","",K28/100*K$86) | ... AB96: =IF(AB$86="","",AB28/100*AB$86)
A97: =IF(A29="", "", CONCATENATE(A29, " [Nl/h]")) -> C4 [Nl/h] | C97: =IFERROR(AVERAGE(D97:AB97), "") | D97: =IF(D$86="","",D29/100*D$86) | E97: =IF(E$86="","",E29/100*E$86) | F97: =IF(F$86="","",F29/100*F$86) | G97: =IF(G$86="","",G29/100*G$86) | H97: =IF(H$86="","",H29/100*H$86) | I97: =IF(I$86="","",I29/100*I$86) | J97: =IF(J$86="","",J29/100*J$86) | K97: =IF(K$86="","",K29/100*K$86) | ... AB97: =IF(AB$86="","",AB29/100*AB$86)
A98: =IF(A30="", "", CONCATENATE(A30, " [Nl/h]")) -> C5 [Nl/h] | C98: =IFERROR(AVERAGE(D98:AB98), "") | D98: =IF(D$86="","",D30/100*D$86) | E98: =IF(E$86="","",E30/100*E$86) | F98: =IF(F$86="","",F30/100*F$86) | G98: =IF(G$86="","",G30/100*G$86) | H98: =IF(H$86="","",H30/100*H$86) | I98: =IF(I$86="","",I30/100*I$86) | J98: =IF(J$86="","",J30/100*J$86) | K98: =IF(K$86="","",K30/100*K$86) | ... AB98: =IF(AB$86="","",AB30/100*AB$86)
A99: =IF(A31="", "", CONCATENATE(A31, " [Nl/h]")) -> C6 [Nl/h] | C99: =IFERROR(AVERAGE(D99:AB99), "") | D99: =IF(D$86="","",D31/100*D$86) | E99: =IF(E$86="","",E31/100*E$86) | F99: =IF(F$86="","",F31/100*F$86) | G99: =IF(G$86="","",G31/100*G$86) | H99: =IF(H$86="","",H31/100*H$86) | I99: =IF(I$86="","",I31/100*I$86) | J99: =IF(J$86="","",J31/100*J$86) | K99: =IF(K$86="","",K31/100*K$86) | ... AB99: =IF(AB$86="","",AB31/100*AB$86)
... A116: =IF(A48="", "", CONCATENATE(A48, " [Nl/h]")) -> N2 [Nl/h] | C116: =IFERROR(AVERAGE(D116:AB116), "") | D116: =IF(D$86="","",D48/100*D$86) | E116: =IF(E$86="","",E48/100*E$86) | F116: =IF(F$86="","",F48/100*F$86) | G116: =IF(G$86="","",G48/100*G$86) | H116: =IF(H$86="","",H48/100*H$86) | I116: =IF(I$86="","",I48/100*I$86) | J116: =IF(J$86="","",J48/100*J$86) | K116: =IF(K$86="","",K48/100*K$86) | ... AB116: =IF(AB$86="","",AB48/100*AB$86)
A117: =IF(A49="", "", CONCATENATE(A49, " [Nl/h]")) | C117: =IFERROR(AVERAGE(D117:AB117), "")
A118: =IF(A50="", "", CONCATENATE(A50, " [Nl/h]")) | C118: =IFERROR(AVERAGE(D118:AB118), "")
A120: TOS Carbon of Each Molecule | C120: Avg C' [g/h] | D120: TOS [min] ⇒ | E120: =E$17 | F120: =F$17 | G120: =G$17 | H120: =H$17 -> 0 | I120: =I$17 | J120: =J$17 | K120: =K$17 | L120: =L$17 | ... AB120: =AB$17
A121: Methane | C121: =IFERROR(AVERAGE(D121:AB121), "") | D121: =IFERROR((12.011*$AD52/$B20)*D52,"") | E121: =IFERROR((12.011*$AD52/$B20)*E52,"") | F121: =IFERROR((12.011*$AD52/$B20)*F52,"") | G121: =IFERROR((12.011*$AD52/$B20)*G52,"") | H121: =IFERROR((12.011*$AD52/$B20)*H52,"") | I121: =IFERROR((12.011*$AD52/$B20)*I52,"") | J121: =IFERROR((12.011*$AD52/$B20)*J52,"") | K121: =IFERROR((12.011*$AD52/$B20)*K52,"") | ... AB121: =IFERROR((12.011*$AD52/$B20)*AB52,"")
A122: Ethane | C122: =IFERROR(AVERAGE(D122:AB122), "") | D122: =IFERROR((12.011*$AD53/$B21)*D53,"") | E122: =IFERROR((12.011*$AD53/$B21)*E53,"") | F122: =IFERROR((12.011*$AD53/$B21)*F53,"") | G122: =IFERROR((12.011*$AD53/$B21)*G53,"") | H122: =IFERROR((12.011*$AD53/$B21)*H53,"") | I122: =IFERROR((12.011*$AD53/$B21)*I53,"") | J122: =IFERROR((12.011*$AD53/$B21)*J53,"") | K122: =IFERROR((12.011*$AD53/$B21)*K53,"") | ... AB122: =IFERROR((12.011*$AD53/$B21)*AB53,"")
A123: Ethylene | C123: =IFERROR(AVERAGE(D123:AB123), "") | D123: =IFERROR((12.011*$AD54/$B22)*D54,"") | E123: =IFERROR((12.011*$AD54/$B22)*E54,"") | F123: =IFERROR((12.011*$AD54/$B22)*F54,"") | G123: =IFERROR((12.011*$AD54/$B22)*G54,"") | H123: =IFERROR((12.011*$AD54/$B22)*H54,"") | I123: =IFERROR((12.011*$AD54/$B22)*I54,"") | J123: =IFERROR((12.011*$AD54/$B22)*J54,"") | K123: =IFERROR((12.011*$AD54/$B22)*K54,"") | ... AB123: =IFERROR((12.011*$AD54/$B22)*AB54,"")
A124: Propane | C124: =IFERROR(AVERAGE(D124:AB124), "") | D124: =IFERROR((12.011*$AD55/$B23)*D55,"") | E124: =IFERROR((12.011*$AD55/$B23)*E55,"") | F124: =IFERROR((12.011*$AD55/$B23)*F55,"") | G124: =IFERROR((12.011*$AD55/$B23)*G55,"") | H124: =IFERROR((12.011*$AD55/$B23)*H55,"") | I124: =IFERROR((12.011*$AD55/$B23)*I55,"") | J124: =IFERROR((12.011*$AD55/$B23)*J55,"") | K124: =IFERROR((12.011*$AD55/$B23)*K55,"") | ... AB124: =IFERROR((12.011*$AD55/$B23)*AB55,"")
A125: Propylene | C125: =IFERROR(AVERAGE(D125:AB125), "") | D125: =IFERROR((12.011*$AD56/$B24)*D56,"") | E125: =IFERROR((12.011*$AD56/$B24)*E56,"") | F125: =IFERROR((12.011*$AD56/$B24)*F56,"") | G125: =IFERROR((12.011*$AD56/$B24)*G56,"") | H125: =IFERROR((12.011*$AD56/$B24)*H56,"") | I125: =IFERROR((12.011*$AD56/$B24)*I56,"") | J125: =IFERROR((12.011*$AD56/$B24)*J56,"") | K125: =IFERROR((12.011*$AD56/$B24)*K56,"") | ... AB125: =IFERROR((12.011*$AD56/$B24)*AB56,"")
A126: Butane | C126: =IFERROR(AVERAGE(D126:AB126), "") | D126: =IFERROR((12.011*$AD57/$B25)*D57,"") | E126: =IFERROR((12.011*$AD57/$B25)*E57,"") | F126: =IFERROR((12.011*$AD57/$B25)*F57,"") | G126: =IFERROR((12.011*$AD57/$B25)*G57,"") | H126: =IFERROR((12.011*$AD57/$B25)*H57,"") | I126: =IFERROR((12.011*$AD57/$B25)*I57,"") | J126: =IFERROR((12.011*$AD57/$B25)*J57,"") | K126: =IFERROR((12.011*$AD57/$B25)*K57,"") | ... AB126: =IFERROR((12.011*$AD57/$B25)*AB57,"")
A127: Pentane | C127: =IFERROR(AVERAGE(D127:AB127), "") | D127: =IFERROR((12.011*$AD58/$B26)*D58,"") | E127: =IFERROR((12.011*$AD58/$B26)*E58,"") | F127: =IFERROR((12.011*$AD58/$B26)*F58,"") | G127: =IFERROR((12.011*$AD58/$B26)*G58,"") | H127: =IFERROR((12.011*$AD58/$B26)*H58,"") | I127: =IFERROR((12.011*$AD58/$B26)*I58,"") | J127: =IFERROR((12.011*$AD58/$B26)*J58,"") | K127: =IFERROR((12.011*$AD58/$B26)*K58,"") | ... AB127: =IFERROR((12.011*$AD58/$B26)*AB58,"")
A128: C6s (Isomers of hexane?) | C128: =IFERROR(AVERAGE(D128:AB128), "") | D128: =IFERROR((12.011*$AD59/$B27)*D59,"") | E128: =IFERROR((12.011*$AD59/$B27)*E59,"") | F128: =IFERROR((12.011*$AD59/$B27)*F59,"") | G128: =IFERROR((12.011*$AD59/$B27)*G59,"") | H128: =IFERROR((12.011*$AD59/$B27)*H59,"") | I128: =IFERROR((12.011*$AD59/$B27)*I59,"") | J128: =IFERROR((12.011*$AD59/$B27)*J59,"") | K128: =IFERROR((12.011*$AD59/$B27)*K59,"") | ... AB128: =IFERROR((12.011*$AD59/$B27)*AB59,"")
A129: Hexane | C129: =IFERROR(AVERAGE(D129:AB129), "") | D129: =IFERROR((12.011*$AD60/$B28)*D60,"") | E129: =IFERROR((12.011*$AD60/$B28)*E60,"") | F129: =IFERROR((12.011*$AD60/$B28)*F60,"") | G129: =IFERROR((12.011*$AD60/$B28)*G60,"") | H129: =IFERROR((12.011*$AD60/$B28)*H60,"") | I129: =IFERROR((12.011*$AD60/$B28)*I60,"") | J129: =IFERROR((12.011*$AD60/$B28)*J60,"") | K129: =IFERROR((12.011*$AD60/$B28)*K60,"") | ... AB129: =IFERROR((12.011*$AD60/$B28)*AB60,"")
A130: C4 | C130: =IFERROR(AVERAGE(D130:AB130), "") | D130: =IFERROR((12.011*$AD61/$B29)*D61,"") | E130: =IFERROR((12.011*$AD61/$B29)*E61,"") | F130: =IFERROR((12.011*$AD61/$B29)*F61,"") | G130: =IFERROR((12.011*$AD61/$B29)*G61,"") | H130: =IFERROR((12.011*$AD61/$B29)*H61,"") | I130: =IFERROR((12.011*$AD61/$B29)*I61,"") | J130: =IFERROR((12.011*$AD61/$B29)*J61,"") | K130: =IFERROR((12.011*$AD61/$B29)*K61,"") | ... AB130: =IFERROR((12.011*$AD61/$B29)*AB61,"")
A131: C5 | C131: =IFERROR(AVERAGE(D131:AB131), "") | D131: =IFERROR((12.011*$AD62/$B30)*D62,"") | E131: =IFERROR((12.011*$AD62/$B30)*E62,"") | F131: =IFERROR((12.011*$AD62/$B30)*F62,"") | G131: =IFERROR((12.011*$AD62/$B30)*G62,"") | H131: =IFERROR((12.011*$AD62/$B30)*H62,"") | I131: =IFERROR((12.011*$AD62/$B30)*I62,"") | J131: =IFERROR((12.011*$AD62/$B30)*J62,"") | K131: =IFERROR((12.011*$AD62/$B30)*K62,"") | ... AB131: =IFERROR((12.011*$AD62/$B30)*AB62,"")
A132: C6 | C132: =IFERROR(AVERAGE(D132:AB132), "") | D132: =IFERROR((12.011*$AD63/$B31)*D63,"") | E132: =IFERROR((12.011*$AD63/$B31)*E63,"") | F132: =IFERROR((12.011*$AD63/$B31)*F63,"") | G132: =IFERROR((12.011*$AD63/$B31)*G63,"") | H132: =IFERROR((12.011*$AD63/$B31)*H63,"") | I132: =IFERROR((12.011*$AD63/$B31)*I63,"") | J132: =IFERROR((12.011*$AD63/$B31)*J63,"") | K132: =IFERROR((12.011*$AD63/$B31)*K63,"") | ... AB132: =IFERROR((12.011*$AD63/$B31)*AB63,"")
... A149: N2 | C149: =IFERROR(AVERAGE(D149:AB149), "") | D149: =IFERROR((12.011*$AD80/$B48)*D80,"") | E149: =IFERROR((12.011*$AD80/$B48)*E80,"") | F149: =IFERROR((12.011*$AD80/$B48)*F80,"") | G149: =IFERROR((12.011*$AD80/$B48)*G80,"") | H149: =IFERROR((12.011*$AD80/$B48)*H80,"") | I149: =IFERROR((12.011*$AD80/$B48)*I80,"") | J149: =IFERROR((12.011*$AD80/$B48)*J80,"") | K149: =IFERROR((12.011*$AD80/$B48)*K80,"") | ... AB149: =IFERROR((12.011*$AD80/$B48)*AB80,"")
A150: Total | C150: =SUM(C121:C149) -> 0 | D150: =IF(SUM(D121:D149)=0,"",SUM(D121:D149)) | E150: =IF(SUM(E121:E149)=0,"",SUM(E121:E149)) | F150: =IF(SUM(F121:F149)=0,"",SUM(F121:F149)) | G150: =IF(SUM(G121:G149)=0,"",SUM(G121:G149)) | H150: =IF(SUM(H121:H149)=0,"",SUM(H121:H149)) | I150: =IF(SUM(I121:I149)=0,"",SUM(I121:I149)) | J150: =IF(SUM(J121:J149)=0,"",SUM(J121:J149)) | K150: =IF(SUM(K121:K149)=0,"",SUM(K121:K149)) | ... AB150: =IF(SUM(AB121:AB149)=0,"",SUM(AB121:AB149))

Sheet R4_MB
A1: Run Number | C1: ='R3_MB'!C1 -> R6-C1-S1
A2: Run Objective | C2: ='R3_MB'!C2
A3: Run Start Date | C3: =Run_Plan!$B$3 -> 45425.583 | E3: Duration of Sampling | F3: =(C6-C5)*1440 -> 6
A4: Condition and Sample Number | C4: =Liq!B4 -> C1-S1 | E4: Average Time-on-Stream | F4: =24*((C5+C6)/2-C3) -> 17.916667
A5: Sample Collection Started | C5: =Liq!B5 -> 45426.328 | E5: Average Ar Flow to Reactor | F5: =Gas!E20 -> 0.22890922 | H5: GC injection time lies outside sampling duration - check!
A6: Sample Collection Finished | C6: =Liq!B6 -> 45426.332 | H6: {=MIN(IF(D16:XFD16<>0,D16:XFD16))} -> 0 | I6: {=MAX(IF(D16:XFD16<>0,D16:XFD16))} -> 0 | K6: =IF(AND(H7=TRUE,I7=TRUE),"Pass","Fail") -> Pass
H7: =IF(Liq!E3>'R1_MB'!H6,"NA",TRUE) -> TRUE | I7: =IF(Liq!E6<'R1_MB'!I6,"NA",TRUE) -> TRUE
A8: Flow Rate of Liquid Feed [g/h] | C8: =Liq!E13 -> 0.5
A9: Flow Rate of Gas Feed [g/h] | C9: =IFERROR(Gas!E12-Gas!E20,"") -> 2.5568051 | D9: (Without Ar)
A10: Flow Rate of HC TLP [g/h] | C10: =Liq!E40 -> 0
A11: Flow Rate of Aqueous TLP [g/h] | C11: =Liq!E41 -> 0
A12: Flow Rate of Gas Product [g/h] | C12: =SUM(C52:C74,C76:C80) -> 2.6223488 | D12: (Without Ar)
A13: Mass Balance Closure [%] | C13: =IFERROR(100*(C12+C11+C10)/(C9+C8),"") -> 85.787242
A15: GC Analysis Rep Number for the Reactor
A16: Date and Time
A17: Cumulative Time Lapsed [min] | D17: =IF(D15="", "", (D16-$D$16)*1440) | E17: =IF(E15="", "", (E16-$D$16)*1440) | F17: =IF(F15="", "", (F16-$D$16)*1440) | G17: =IF(G15="", "", (G16-$D$16)*1440) | H17: =IF(H15="", "", (H16-$D$16)*1440) | I17: =IF(I15="", "", (I16-$D$16)*1440) | J17: =IF(J15="", "", (J16-$D$16)*1440) | K17: =IF(K15="", "", (K16-$D$16)*1440) | ... AB17: =IF(AB15="", "", (AB16-$D$16)*1440)
A18: Time Elapsed Between Two Reps [min] | E18: =IF(E17="", "", E17-D17) | F18: =IF(F17="", "", F17-E17) | G18: =IF(G17="", "", G17-F17) | H18: =IF(H17="", "", H17-G17) | I18: =IF(I17="", "", I17-H17) | J18: =IF(J17="", "", J17-I17) | K18: =IF(K17="", "", K17-J17) | L18: =IF(L17="", "", L17-K17) | ... AB18: =IF(AB17="", "", AB17-AA17)
A19: Normalized Mol% | B19: Mol Wt
A20: Methane | B20: 16.04 | D20: 2.613139 | E20: 2.730171 | F20: 2.803329 | G20: 2.825277 | H20: 2.803981 | I20: 2.788844 | J20: 2.774238 | K20: 2.783342 | L20: 2.702567 | M20: 2.702224 | N20: 2.686745 | O20: 2.69223 | AC20: =IFERROR(_xlfn.STDEV.S(E20:AB20),"") -> 0.051700185 | AD20: =IFERROR(AVERAGE(E20:AB20),"") -> 2.7539044 | AE20: =IFERROR(AD20+(2*AC20),"") -> 2.8573047
A21: Ethane | B21: 30.07 | D21: 0.014036 | E21: 0.090169 | F21: 0.171205 | G21: 0.163061 | H21: 0.124826 | I21: 0.110261 | J21: 0.102754 | K21: 0.096312 | L21: 0.073355 | M21: 0.05795 | N21: 0.04698 | O21: 0.042747 | AC21: =IFERROR(_xlfn.STDEV.S(E21:AB21),"") -> 0.042913542 | AD21: =IFERROR(AVERAGE(E21:AB21),"") -> 0.098147273 | AE21: =IFERROR(AD21+(2*AC21),"") -> 0.18397436
A22: Ethylene | B22: 28.05 | D22: 1.78973 | E22: 3.288034 | F22: 4.550182 | G22: 4.570616 | H22: 4.116197 | I22: 4.014105 | J22: 3.936849 | K22: 3.684022 | L22: 2.896723 | M22: 2.730644 | N22: 2.609906 | O22: 2.598459 | AC22: =IFERROR(_xlfn.STDEV.S(E22:AB22),"") -> 0.75506875 | AD22: =IFERROR(AVERAGE(E22:AB22),"") -> 3.545067 | AE22: =IFERROR(AD22+(2*AC22),"") -> 5.0552045
A23: Propane | B23: 44.1 | D23: 0 | E23: 0 | F23: 0 | G23: 0 | H23: 0 | I23: 0 | J23: 0 | K23: 0 | L23: 0 | M23: 0 | N23: 0 | O23: 0 | AC23: =IFERROR(_xlfn.STDEV.S(E23:AB23),"") -> 0 | AD23: =IFERROR(AVERAGE(E23:AB23),"") -> 0 | AE23: =IFERROR(AD23+(2*AC23),"") -> 0
A24: Propylene | B24: 42.08 | D24: 0.002482 | E24: 0.001056 | F24: 0.002171 | G24: 0.002426 | H24: 0.001849 | I24: 0.00164 | J24: 0.001436 | K24: 0.001182 | L24: 0.000644 | M24: 0.000435 | N24: 0.000398 | O24: 0.000297 | AC24: =IFERROR(_xlfn.STDEV.S(E24:AB24),"") -> 0.00074029093 | AD24: =IFERROR(AVERAGE(E24:AB24),"") -> 0.0012303636 | AE24: =IFERROR(AD24+(2*AC24),"") -> 0.0027109455
A25: Butane | B25: 58.12 | D25: 0.000389 | E25: 0.001839 | F25: 0.002434 | G25: 0.002448 | H25: 0.002045 | I25: 0.002368 | J25: 0.001749 | K25: 0.001697 | L25: 0.001232 | M25: 0.00096 | N25: 0.000889 | O25: 0.00078 | AC25: =IFERROR(_xlfn.STDEV.S(E25:AB25),"") -> 0.00062848124 | AD25: =IFERROR(AVERAGE(E25:AB25),"") -> 0.0016764545 | AE25: =IFERROR(AD25+(2*AC25),"") -> 0.002933417
A26: Pentane | B26: 72.15 | D26: 0 | E26: 0 | F26: 0 | G26: 0 | H26: 0 | I26: 0 | J26: 0 | K26: 0 | L26: 0 | M26: 0 | N26: 0 | O26: 0 | AC26: =IFERROR(_xlfn.STDEV.S(E26:AB26),"") -> 0 | AD26: =IFERROR(AVERAGE(E26:AB26),"") -> 0 | AE26: =IFERROR(AD26+(2*AC26),"") -> 0
A27: C6s (Isomers of hexane?) | B27: 86.18 | D27: 0 | E27: 0 | F27: 0 | G27: 0 | H27: 0 | I27: 0 | J27: 0 | K27: 0 | L27: 0 | M27: 0 | N27: 0 | O27: 0 | AC27: =IFERROR(_xlfn.STDEV.S(E27:AB27),"") -> 0 | AD27: =IFERROR(AVERAGE(E27:AB27),"") -> 0 | AE27: =IFERROR(AD27+(2*AC27),"") -> 0
A28: Hexane | B28: 86.18 | D28: 0 | E28: 0 | F28: 0 | G28: 0 | H28: 0 | I28: 0 | J28: 0 | K28: 0 | L28: 0 | M28: 0 | N28: 0 | O28: 0 | AC28: =IFERROR(_xlfn.STDEV.S(E28:AB28),"") -> 0 | AD28: =IFERROR(AVERAGE(E28:AB28),"") -> 0 | AE28: =IFERROR(AD28+(2*AC28),"") -> 0
A29: C4 | B29: 58.12 | D29: 0.013467 | E29: 0.351635 | F29: 0.589789 | G29: 0.573688 | H29: 0.439493 | I29: 0.516126 | J29: 0.427605 | K29: 0.369362 | L29: 0.212461 | M29: 0.186811 | N29: 0.184986 | O29: 0.176533 | AC29: =IFERROR(_xlfn.STDEV.S(E29:AB29),"") -> 0.15796008 | AD29: =IFERROR(AVERAGE(E29:AB29),"") -> 0.36622627 | AE29: =IFERROR(AD29+(2*AC29),"") -> 0.68214643
A30: C5 | B30: 72.15 | D30: 0.0084711239 | E30: 0.0018850836 | F30: 0 | G30: 0 | H30: 0 | I30: 0 | J30: 0 | K30: 0 | L30: 0.0010845763 | M30: 0.0010759909 | N30: 0.00092605124 | O30: 0.00072778929 | AC30: =IFERROR(_xlfn.STDEV.S(E30:AB30),"") -> 0.00065739952 | AD30: =IFERROR(AVERAGE(E30:AB30),"") -> 0.00051813558 | AE30: =IFERROR(AD30+(2*AC30),"") -> 0.0018329346
A31: C6 | B31: 86.18 | D31: 0.000197 | E31: 0.000906 | F31: 0.00026 | G31: 0 | H31: 0 | I31: 0.001732 | J31: 0 | K31: 0 | L31: 0 | M31: 0 | N31: 0 | O31: 0 | AC31: =IFERROR(_xlfn.STDEV.S(E31:AB31),"") -> 0.00055899631 | AD31: =IFERROR(AVERAGE(E31:AB31),"") -> 0.00026345455 | AE31: =IFERROR(AD31+(2*AC31),"") -> 0.0013814472
... A48: N2 | B48: 28.0134 | D48: 59.0448 | E48: 61.65736 | F48: 63.151255 | G48: 62.90342 | H48: 62.376642 | I48: 61.884205 | J48: 60.547297 | K48: 61.42306 | L48: 61.440175 | M48: 61.302503 | N48: 61.225262 | O48: 61.274771 | AC48: =IFERROR(_xlfn.STDEV.S(E48:AB48),"") -> 0.77869221 | AD48: =IFERROR(AVERAGE(E48:AB48),"") -> 61.744177 | AE48: =IFERROR(AD48+(2*AC48),"") -> 63.301562
A51: Mass Flow Rates of Each Molecule | C51: Avg Flow Rate | AC51: C" Mass Flow Rate (g/h) | AD51: Number of "C' Atom
A52: =IF(A20="", "", CONCATENATE(A20, " [g/h]")) -> Methane [g/h] | C52: =IFERROR(AVERAGE(D52:AB52), "") -> 0.05585718 | D52: =IF(SUM(D20:D48)=0, "", (D20*$B20/(D$43*$B$43))*$F$5) -> 0.052793403 | E52: =IF(SUM(E20:E48)=0, "", (E20*$B20/(E$43*$B$43))*$F$5) -> 0.055456715 | F52: =IF(SUM(F20:F48)=0, "", (F20*$B20/(F$43*$B$43))*$F$5) -> 0.055527833 | G52: =IF(SUM(G20:G48)=0, "", (G20*$B20/(G$43*$B$43))*$F$5) -> 0.056225309 | H52: =IF(SUM(H20:H48)=0, "", (H20*$B20/(H$43*$B$43))*$F$5) -> 0.056225667 | I52: =IF(SUM(I20:I48)=0, "", (I20*$B20/(I$43*$B$43))*$F$5) -> 0.056325713 | J52: =IF(SUM(J20:J48)=0, "", (J20*$B20/(J$43*$B$43))*$F$5) -> 0.057445243 | K52: =IF(SUM(K20:K48)=0, "", (K20*$B20/(K$43*$B$43))*$F$5) -> 0.056976941 | ... AB52: =IF(SUM(AB20:AB48)=0, "", (AB20*$B20/(AB$43*$B$43))*$F$5) | AC52: =(12.011*$AD52/$B20)*$C52 -> 0.04182672 | AD52: 1
A53: =IF(A21="", "", CONCATENATE(A21, " [g/h]")) -> Ethane [g/h] | C53: =IFERROR(AVERAGE(D53:AB53), "") -> 0.0034617165 | D53: =IF(SUM(D21:D49)=0, "", (D21*$B21/(D$43*$B$43))*$F$5) -> 0.00053160563 | E53: =IF(SUM(E21:E49)=0, "", (E21*$B21/(E$43*$B$43))*$F$5) -> 0.0034336072 | F53: =IF(SUM(F21:F49)=0, "", (F21*$B21/(F$43*$B$43))*$F$5) -> 0.0063574385 | G53: =IF(SUM(G21:G49)=0, "", (G21*$B21/(G$43*$B$43))*$F$5) -> 0.0060834505 | H53: =IF(SUM(H21:H49)=0, "", (H21*$B21/(H$43*$B$43))*$F$5) -> 0.0046923853 | I53: =IF(SUM(I21:I49)=0, "", (I21*$B21/(I$43*$B$43))*$F$5) -> 0.0041747788 | J53: =IF(SUM(J21:J49)=0, "", (J21*$B21/(J$43*$B$43))*$F$5) -> 0.0039887623 | K53: =IF(SUM(K21:K49)=0, "", (K21*$B21/(K$43*$B$43))*$F$5) -> 0.0036960856 | ... AB53: =IF(SUM(AB21:AB49)=0, "", (AB21*$B21/(AB$43*$B$43))*$F$5) | AC53: =(12.011*$AD53/$B21)*$C53 -> 0.0027654591 | AD53: 2
A54: =IF(A22="", "", CONCATENATE(A22, " [g/h]")) -> Ethylene [g/h] | C54: =IFERROR(AVERAGE(D54:AB54), "") -> 0.12080591 | D54: =IF(SUM(D22:D50)=0, "", (D22*$B22/(D$43*$B$43))*$F$5) -> 0.063231454 | E54: =IF(SUM(E22:E50)=0, "", (E22*$B22/(E$43*$B$43))*$F$5) -> 0.1167963 | F54: =IF(SUM(F22:F50)=0, "", (F22*$B22/(F$43*$B$43))*$F$5) -> 0.15761369 | G54: =IF(SUM(G22:G50)=0, "", (G22*$B22/(G$43*$B$43))*$F$5) -> 0.15906479 | H54: =IF(SUM(H22:H50)=0, "", (H22*$B22/(H$43*$B$43))*$F$5) -> 0.14433917 | I54: =IF(SUM(I22:I50)=0, "", (I22*$B22/(I$43*$B$43))*$F$5) -> 0.14177502 | J54: =IF(SUM(J22:J50)=0, "", (J22*$B22/(J$43*$B$43))*$F$5) -> 0.14255669 | K54: =IF(SUM(K22:K50)=0, "", (K22*$B22/(K$43*$B$43))*$F$5) -> 0.13188132 | ... AB54: =IF(SUM(AB22:AB50)=0, "", (AB22*$B22/(AB$43*$B$43))*$F$5) | AC54: =(12.011*$AD54/$B22)*$C54 -> 0.10345809 | AD54: 2
A55: =IF(A23="", "", CONCATENATE(A23, " [g/h]")) -> Propane [g/h] | C55: =IFERROR(AVERAGE(D55:AB55), "") -> 0 | D55: =IF(SUM(D23:D51)=0, "", (D23*$B23/(D$43*$B$43))*$F$5) -> 0 | E55: =IF(SUM(E23:E51)=0, "", (E23*$B23/(E$43*$B$43))*$F$5) -> 0 | F55: =IF(SUM(F23:F51)=0, "", (F23*$B23/(F$43*$B$43))*$F$5) -> 0 | G55: =IF(SUM(G23:G51)=0, "", (G23*$B23/(G$43*$B$43))*$F$5) -> 0 | H55: =IF(SUM(H23:H51)=0, "", (H23*$B23/(H$43*$B$43))*$F$5) -> 0 | I55: =IF(SUM(I23:I51)=0, "", (I23*$B23/(I$43*$B$43))*$F$5) -> 0 | J55: =IF(SUM(J23:J51)=0, "", (J23*$B23/(J$43*$B$43))*$F$5) -> 0 | K55: =IF(SUM(K23:K51)=0, "", (K23*$B23/(K$43*$B$43))*$F$5) -> 0 | ... AB55: =IF(SUM(AB23:AB51)=0, "", (AB23*$B23/(AB$43*$B$43))*$F$5) | AC55: =(12.011*$AD55/$B23)*$C55 -> 0 | AD55: 3
A56: =IF(A24="", "", CONCATENATE(A24, " [g/h]")) -> Propylene [g/h] | C56: =IFERROR(AVERAGE(D56:AB56), "") -> 7.0778116e-05 | D56: =IF(SUM(D24:D52)=0, "", (D24*$B24/(D$43*$B$43))*$F$5) -> 0.00013154983 | E56: =IF(SUM(E24:E52)=0, "", (E24*$B24/(E$43*$B$43))*$F$5) -> 5.6272937e-05 | F56: =IF(SUM(F24:F52)=0, "", (F24*$B24/(F$43*$B$43))*$F$5) -> 0.00011281526 | G56: =IF(SUM(G24:G52)=0, "", (G24*$B24/(G$43*$B$43))*$F$5) -> 0.0001266581 | H56: =IF(SUM(H24:H52)=0, "", (H24*$B24/(H$43*$B$43))*$F$5) -> 9.7267517e-05 | I56: =IF(SUM(I24:I52)=0, "", (I24*$B24/(I$43*$B$43))*$F$5) -> 8.689558e-05 | J56: =IF(SUM(J24:J52)=0, "", (J24*$B24/(J$43*$B$43))*$F$5) -> 7.8007465e-05 | K56: =IF(SUM(K24:K52)=0, "", (K24*$B24/(K$43*$B$43))*$F$5) -> 6.3477732e-05 | ... AB56: =IF(SUM(AB24:AB52)=0, "", (AB24*$B24/(AB$43*$B$43))*$F$5) | AC56: =(12.011*$AD56/$B24)*$C56 -> 6.0607126e-05 | AD56: 3
A57: =IF(A25="", "", CONCATENATE(A25, " [g/h]")) -> Butane [g/h] | C57: =IFERROR(AVERAGE(D57:AB57), "") -> 0.00011531426 | D57: =IF(SUM(D25:D53)=0, "", (D25*$B25/(D$43*$B$43))*$F$5) -> 2.8476591e-05 | E57: =IF(SUM(E25:E53)=0, "", (E25*$B25/(E$43*$B$43))*$F$5) -> 0.00013535281 | F57: =IF(SUM(F25:F53)=0, "", (F25*$B25/(F$43*$B$43))*$F$5) -> 0.00017469419 | G57: =IF(SUM(G25:G53)=0, "", (G25*$B25/(G$43*$B$43))*$F$5) -> 0.00017652388 | H57: =IF(SUM(H25:H53)=0, "", (H25*$B25/(H$43*$B$43))*$F$5) -> 0.0001485847 | I57: =IF(SUM(I25:I53)=0, "", (I25*$B25/(I$43*$B$43))*$F$5) -> 0.00017329475 | J57: =IF(SUM(J25:J53)=0, "", (J25*$B25/(J$43*$B$43))*$F$5) -> 0.00013122646 | K57: =IF(SUM(K25:K53)=0, "", (K25*$B25/(K$43*$B$43))*$F$5) -> 0.00012587389 | ... AB57: =IF(SUM(AB25:AB53)=0, "", (AB25*$B25/(AB$43*$B$43))*$F$5) | AC57: =(12.011*$AD57/$B25)*$C57 -> 9.5322755e-05 | AD57: 4
A58: =IF(A26="", "", CONCATENATE(A26, " [g/h]")) -> Pentane [g/h] | C58: =IFERROR(AVERAGE(D58:AB58), "") -> 0 | D58: =IF(SUM(D26:D54)=0, "", (D26*$B26/(D$43*$B$43))*$F$5) -> 0 | E58: =IF(SUM(E26:E54)=0, "", (E26*$B26/(E$43*$B$43))*$F$5) -> 0 | F58: =IF(SUM(F26:F54)=0, "", (F26*$B26/(F$43*$B$43))*$F$5) -> 0 | G58: =IF(SUM(G26:G54)=0, "", (G26*$B26/(G$43*$B$43))*$F$5) -> 0 | H58: =IF(SUM(H26:H54)=0, "", (H26*$B26/(H$43*$B$43))*$F$5) -> 0 | I58: =IF(SUM(I26:I54)=0, "", (I26*$B26/(I$43*$B$43))*$F$5) -> 0 | J58: =IF(SUM(J26:J54)=0, "", (J26*$B26/(J$43*$B$43))*$F$5) -> 0 | K58: =IF(SUM(K26:K54)=0, "", (K26*$B26/(K$43*$B$43))*$F$5) -> 0 | ... AB58: =IF(SUM(AB26:AB54)=0, "", (AB26*$B26/(AB$43*$B$43))*$F$5) | AC58: =(12.011*$AD58/$B26)*$C58 -> 0 | AD58: 5
A59: =IF(A27="", "", CONCATENATE(A27, " [g/h]")) -> C6s (Isomers of hexane?) [g/h] | C59: =IFERROR(AVERAGE(D59:AB59), "") -> 0 | D59: =IF(SUM(D27:D55)=0, "", (D27*$B27/(D$43*$B$43))*$F$5) -> 0 | E59: =IF(SUM(E27:E55)=0, "", (E27*$B27/(E$43*$B$43))*$F$5) -> 0 | F59: =IF(SUM(F27:F55)=0, "", (F27*$B27/(F$43*$B$43))*$F$5) -> 0 | G59: =IF(SUM(G27:G55)=0, "", (G27*$B27/(G$43*$B$43))*$F$5) -> 0 | H59: =IF(SUM(H27:H55)=0, "", (H27*$B27/(H$43*$B$43))*$F$5) -> 0 | I59: =IF(SUM(I27:I55)=0, "", (I27*$B27/(I$43*$B$43))*$F$5) -> 0 | J59: =IF(SUM(J27:J55)=0, "", (J27*$B27/(J$43*$B$43))*$F$5) -> 0 | K59: =IF(SUM(K27:K55)=0, "", (K27*$B27/(K$43*$B$43))*$F$5) -> 0 | ... AB59: =IF(SUM(AB27:AB55)=0, "", (AB27*$B27/(AB$43*$B$43))*$F$5) | AC59: =(12.011*$AD59/$B27)*$C59 -> 0 | AD59: 6
A60: =IF(A28="", "", CONCATENATE(A28, " [g/h]")) -> Hexane [g/h] | C60: =IFERROR(AVERAGE(D60:AB60), "") -> 0 | D60: =IF(SUM(D28:D56)=0, "", (D28*$B28/(D$43*$B$43))*$F$5) -> 0 | E60: =IF(SUM(E28:E56)=0, "", (E28*$B28/(E$43*$B$43))*$F$5) -> 0 | F60: =IF(SUM(F28:F56)=0, "", (F28*$B28/(F$43*$B$43))*$F$5) -> 0 | G60: =IF(SUM(G28:G56)=0, "", (G28*$B28/(G$43*$B$43))*$F$5) -> 0 | H60: =IF(SUM(H28:H56)=0, "", (H28*$B28/(H$43*$B$43))*$F$5) -> 0 | I60: =IF(SUM(I28:I56)=0, "", (I28*$B28/(I$43*$B$43))*$F$5) -> 0 | J60: =IF(SUM(J28:J56)=0, "", (J28*$B28/(J$43*$B$43))*$F$5) -> 0 | K60: =IF(SUM(K28:K56)=0, "", (K28*$B28/(K$43*$B$43))*$F$5) -> 0 | ... AB60: =IF(SUM(AB28:AB56)=0, "", (AB28*$B28/(AB$43*$B$43))*$F$5) | AC60: =(12.011*$AD60/$B28)*$C60 -> 0 | AD60: 6
A61: =IF(A29="", "", CONCATENATE(A29, " [g/h]")) -> C4 [g/h] | C61: =IFERROR(AVERAGE(D61:AB61), "") -> 0.024736415 | D61: =IF(SUM(D29:D57)=0, "", (D29*$B29/(D$43*$B$43))*$F$5) -> 0.00098584639 | E61: =IF(SUM(E29:E57)=0, "", (E29*$B29/(E$43*$B$43))*$F$5) -> 0.025880796 | F61: =IF(SUM(F29:F57)=0, "", (F29*$B29/(F$43*$B$43))*$F$5) -> 0.042330614 | G61: =IF(SUM(G29:G57)=0, "", (G29*$B29/(G$43*$B$43))*$F$5) -> 0.041368314 | H61: =IF(SUM(H29:H57)=0, "", (H29*$B29/(H$43*$B$43))*$F$5) -> 0.031932488 | I61: =IF(SUM(I29:I57)=0, "", (I29*$B29/(I$43*$B$43))*$F$5) -> 0.037771084 | J61: =IF(SUM(J29:J57)=0, "", (J29*$B29/(J$43*$B$43))*$F$5) -> 0.032082956 | K61: =IF(SUM(K29:K57)=0, "", (K29*$B29/(K$43*$B$43))*$F$5) -> 0.027397189 | ... AB61: =IF(SUM(AB29:AB57)=0, "", (AB29*$B29/(AB$43*$B$43))*$F$5) | AC61: =(12.011*$AD61/$B29)*$C61 -> 0.020447975 | AD61: 4
A62: =IF(A30="", "", CONCATENATE(A30, " [g/h]")) -> C5 [g/h] | C62: =IFERROR(AVERAGE(D62:AB62), "") -> 0.00010811583 | D62: =IF(SUM(D30:D58)=0, "", (D30*$B30/(D$43*$B$43))*$F$5) -> 0.00076982171 | E62: =IF(SUM(E30:E58)=0, "", (E30*$B30/(E$43*$B$43))*$F$5) -> 0.00017223717 | F62: =IF(SUM(F30:F58)=0, "", (F30*$B30/(F$43*$B$43))*$F$5) -> 0 | G62: =IF(SUM(G30:G58)=0, "", (G30*$B30/(G$43*$B$43))*$F$5) -> 0 | H62: =IF(SUM(H30:H58)=0, "", (H30*$B30/(H$43*$B$43))*$F$5) -> 0 | I62: =IF(SUM(I30:I58)=0, "", (I30*$B30/(I$43*$B$43))*$F$5) -> 0 | J62: =IF(SUM(J30:J58)=0, "", (J30*$B30/(J$43*$B$43))*$F$5) -> 0 | K62: =IF(SUM(K30:K58)=0, "", (K30*$B30/(K$43*$B$43))*$F$5) -> 0 | ... AB62: =IF(SUM(AB30:AB58)=0, "", (AB30*$B30/(AB$43*$B$43))*$F$5) | AC62: =(12.011*$AD62/$B30)*$C62 -> 8.9991631e-05 | AD62: 5
A63: =IF(A31="", "", CONCATENATE(A31, " [g/h]")) -> C6 [g/h] | C63: =IFERROR(AVERAGE(D63:AB63), "") -> 2.7989717e-05 | D63: =IF(SUM(D31:D59)=0, "", (D31*$B31/(D$43*$B$43))*$F$5) -> 2.138383e-05 | E63: =IF(SUM(E31:E59)=0, "", (E31*$B31/(E$43*$B$43))*$F$5) -> 9.8876849e-05 | F63: =IF(SUM(F31:F59)=0, "", (F31*$B31/(F$43*$B$43))*$F$5) -> 2.7670189e-05 | G63: =IF(SUM(G31:G59)=0, "", (G31*$B31/(G$43*$B$43))*$F$5) -> 0 | H63: =IF(SUM(H31:H59)=0, "", (H31*$B31/(H$43*$B$43))*$F$5) -> 0 | I63: =IF(SUM(I31:I59)=0, "", (I31*$B31/(I$43*$B$43))*$F$5) -> 0.00018794574 | J63: =IF(SUM(J31:J59)=0, "", (J31*$B31/(J$43*$B$43))*$F$5) -> 0 | K63: =IF(SUM(K31:K59)=0, "", (K31*$B31/(K$43*$B$43))*$F$5) -> 0 | ... AB63: =IF(SUM(AB31:AB59)=0, "", (AB31*$B31/(AB$43*$B$43))*$F$5) | AC63: =(12.011*$AD63/$B31)*$C63 -> 2.3405744e-05 | AD63: 6
... A80: =IF(A48="", "", CONCATENATE(A48, " [g/h]")) -> N2 [g/h] | C80: =IFERROR(AVERAGE(D80:AB80), "") -> 2.1886525 | D80: =IF(SUM(D48:D76)=0, "", (D48*$B48/(D$43*$B$43))*$F$5) -> 2.0833405 | E80: =IF(SUM(E48:E76)=0, "", (E48*$B48/(E$43*$B$43))*$F$5) -> 2.1873117 | F80: =IF(SUM(F48:F76)=0, "", (F48*$B48/(F$43*$B$43))*$F$5) -> 2.1846411 | G80: =IF(SUM(G48:G76)=0, "", (G48*$B48/(G$43*$B$43))*$F$5) -> 2.1862838 | H80: =IF(SUM(H48:H76)=0, "", (H48*$B48/(H$43*$B$43))*$F$5) -> 2.1844545 | I80: =IF(SUM(I48:I76)=0, "", (I48*$B48/(I$43*$B$43))*$F$5) -> 2.1828493 | J80: =IF(SUM(J48:J76)=0, "", (J48*$B48/(J$43*$B$43))*$F$5) -> 2.189609 | K80: =IF(SUM(K48:K76)=0, "", (K48*$B48/(K$43*$B$43))*$F$5) -> 2.1959652 | ... AB80: =IF(SUM(AB48:AB76)=0, "", (AB48*$B48/(AB$43*$B$43))*$F$5) | AC80: =(12.011*$AD80/$B48)*$C80 -> 0 | AD80: 0
A81: =IF(A49="", "", CONCATENATE(A49, " [g/h]")) | C81: =IFERROR(AVERAGE(D81:AB81), "") -> 0 | D81: =IF(SUM(D49:D77)=0, "", (D49*$B49/(D$43*$B$43))*$F$5) -> 0 | E81: =IF(SUM(E49:E77)=0, "", (E49*$B49/(E$43*$B$43))*$F$5) -> 0 | F81: =IF(SUM(F49:F77)=0, "", (F49*$B49/(F$43*$B$43))*$F$5) -> 0 | G81: =IF(SUM(G49:G77)=0, "", (G49*$B49/(G$43*$B$43))*$F$5) -> 0 | H81: =IF(SUM(H49:H77)=0, "", (H49*$B49/(H$43*$B$43))*$F$5) -> 0 | I81: =IF(SUM(I49:I77)=0, "", (I49*$B49/(I$43*$B$43))*$F$5) -> 0 | J81: =IF(SUM(J49:J77)=0, "", (J49*$B49/(J$43*$B$43))*$F$5) -> 0 | K81: =IF(SUM(K49:K77)=0, "", (K49*$B49/(K$43*$B$43))*$F$5) -> 0 | ... AB81: =IF(SUM(AB49:AB77)=0, "", (AB49*$B49/(AB$43*$B$43))*$F$5)
A82: Flow Rate of HC Gases [g/h] | C82: =IFERROR(AVERAGE(D82:AB82), "") -> 0.38292854 | D82: =IF(SUM(D52:D81)=0,"",SUM(D52:D73,D78,D79)) -> 0.34937922 | E82: =IF(SUM(E52:E81)=0,"",SUM(E52:E73,E78,E79)) -> 0.37342738 | F82: =IF(SUM(F52:F81)=0,"",SUM(F52:F73,F78,F79)) -> 0.39657032 | G82: =IF(SUM(G52:G81)=0,"",SUM(G52:G73,G78,G79)) -> 0.40773887 | H82: =IF(SUM(H52:H81)=0,"",SUM(H52:H73,H78,H79)) -> 0.39553178 | I82: =IF(SUM(I52:I81)=0,"",SUM(I52:I73,I78,I79)) -> 0.43635646 | J82: =IF(SUM(J52:J81)=0,"",SUM(J52:J73,J78,J79)) -> 0.41192522 | K82: =IF(SUM(K52:K81)=0,"",SUM(K52:K73,K78,K79)) -> 0.39368839 | ... AB82: =IF(SUM(AB52:AB81)=0,"",SUM(AB52:AB73,AB78,AB79))
A83: Flow Rate of COx Gases [g/h] | C83: =IFERROR(AVERAGE(D83:AB83), "") -> 0 | D83: =IFERROR(D74+D76,"") -> 0 | E83: =IFERROR(E74+E76,"") -> 0 | F83: =IFERROR(F74+F76,"") -> 0 | G83: =IFERROR(G74+G76,"") -> 0 | H83: =IFERROR(H74+H76,"") -> 0 | I83: =IFERROR(I74+I76,"") -> 0 | J83: =IFERROR(J74+J76,"") -> 0 | K83: =IFERROR(K74+K76,"") -> 0 | ... AB83: =IFERROR(AB74+AB76,"")
A84: Flow Rate of HC & COx Gases [g/h] | C84: =IFERROR(AVERAGE(D84:AB84), "") -> 0.38292854 | D84: =IF(SUM(D82:D83)=0,"",SUM(D82:D83)) -> 0.34937922 | E84: =IF(SUM(E82:E83)=0,"",SUM(E82:E83)) -> 0.37342738 | F84: =IF(SUM(F82:F83)=0,"",SUM(F82:F83)) -> 0.39657032 | G84: =IF(SUM(G82:G83)=0,"",SUM(G82:G83)) -> 0.40773887 | H84: =IF(SUM(H82:H83)=0,"",SUM(H82:H83)) -> 0.39553178 | I84: =IF(SUM(I82:I83)=0,"",SUM(I82:I83)) -> 0.43635646 | J84: =IF(SUM(J82:J83)=0,"",SUM(J82:J83)) -> 0.41192522 | K84: =IF(SUM(K82:K83)=0,"",SUM(K82:K83)) -> 0.39368839 | ... AB84: =IF(SUM(AB82:AB83)=0,"",SUM(AB82:AB83))
A86: Total Volumetric Flow rate out [NL/h] | C86: =IFERROR(AVERAGE(D86:AB86), "") -> 159.70411 | D86: =IF(D$75="","",D$75/Gas!$I$35*Gas!$B$11) -> 159.70411 | E86: =IF(E$75="","",E$75/Gas!$I$35*Gas!$B$11) -> 159.70411 | F86: =IF(F$75="","",F$75/Gas!$I$35*Gas!$B$11) -> 159.70411 | G86: =IF(G$75="","",G$75/Gas!$I$35*Gas!$B$11) -> 159.70411 | H86: =IF(H$75="","",H$75/Gas!$I$35*Gas!$B$11) -> 159.70411 | I86: =IF(I$75="","",I$75/Gas!$I$35*Gas!$B$11) -> 159.70411 | J86: =IF(J$75="","",J$75/Gas!$I$35*Gas!$B$11) -> 159.70411 | K86: =IF(K$75="","",K$75/Gas!$I$35*Gas!$B$11) -> 159.70411 | ... AB86: =IF(AB$75="","",AB$75/Gas!$I$35*Gas!$B$11)
A87: Volumetric Flow Rates of Each Molecule | C87: Avg Flow Rate
A88: =IF(A20="", "", CONCATENATE(A20, " [Nl/h]")) -> Methane [Nl/h] | C88: =IFERROR(AVERAGE(D88:AB88), "") -> 4.3793644 | D88: =IF(D$86="","",D20/100*D$86) -> 4.1732903 | E88: =IF(E$86="","",E20/100*E$86) -> 4.3601952 | F88: =IF(F$86="","",F20/100*F$86) -> 4.4770315 | G88: =IF(G$86="","",G20/100*G$86) -> 4.5120834 | H88: =IF(H$86="","",H20/100*H$86) -> 4.4780728 | I88: =IF(I$86="","",I20/100*I$86) -> 4.4538984 | J88: =IF(J$86="","",J20/100*J$86) -> 4.430572 | K88: =IF(K$86="","",K20/100*K$86) -> 4.4451115 | ... AB88: =IF(AB$86="","",AB20/100*AB$86)
A89: =IF(A21="", "", CONCATENATE(A21, " [Nl/h]")) -> Ethane [Nl/h] | C89: =IFERROR(AVERAGE(D89:AB89), "") -> 0.14555113 | D89: =IF(D$86="","",D21/100*D$86) -> 0.022416068 | E89: =IF(E$86="","",E21/100*E$86) -> 0.1440036 | F89: =IF(F$86="","",F21/100*F$86) -> 0.27342142 | G89: =IF(G$86="","",G21/100*G$86) -> 0.26041511 | H89: =IF(H$86="","",H21/100*H$86) -> 0.19935225 | I89: =IF(I$86="","",I21/100*I$86) -> 0.17609135 | J89: =IF(J$86="","",J21/100*J$86) -> 0.16410236 | K89: =IF(K$86="","",K21/100*K$86) -> 0.15381422 | ... AB89: =IF(AB$86="","",AB21/100*AB$86)
A90: =IF(A22="", "", CONCATENATE(A22, " [Nl/h]")) -> Ethylene [Nl/h] | C90: =IFERROR(AVERAGE(D90:AB90), "") -> 5.4280055 | D90: =IF(D$86="","",D22/100*D$86) -> 2.8582723 | E90: =IF(E$86="","",E22/100*E$86) -> 5.2511253 | F90: =IF(F$86="","",F22/100*F$86) -> 7.2668275 | G90: =IF(G$86="","",G22/100*G$86) -> 7.2994615 | H90: =IF(H$86="","",H22/100*H$86) -> 6.5737357 | I90: =IF(I$86="","",I22/100*I$86) -> 6.4106905 | J90: =IF(J$86="","",J22/100*J$86) -> 6.2873095 | K90: =IF(K$86="","",K22/100*K$86) -> 5.8835344 | ... AB90: =IF(AB$86="","",AB22/100*AB$86)
A91: =IF(A23="", "", CONCATENATE(A23, " [Nl/h]")) -> Propane [Nl/h] | C91: =IFERROR(AVERAGE(D91:AB91), "") -> 0 | D91: =IF(D$86="","",D23/100*D$86) -> 0 | E91: =IF(E$86="","",E23/100*E$86) -> 0 | F91: =IF(F$86="","",F23/100*F$86) -> 0 | G91: =IF(G$86="","",G23/100*G$86) -> 0 | H91: =IF(H$86="","",H23/100*H$86) -> 0 | I91: =IF(I$86="","",I23/100*I$86) -> 0 | J91: =IF(J$86="","",J23/100*J$86) -> 0 | K91: =IF(K$86="","",K23/100*K$86) -> 0 | ... AB91: =IF(AB$86="","",AB23/100*AB$86)
A92: =IF(A24="", "", CONCATENATE(A24, " [Nl/h]")) -> Propylene [Nl/h] | C92: =IFERROR(AVERAGE(D92:AB92), "") -> 0.0021315175 | D92: =IF(D$86="","",D24/100*D$86) -> 0.0039638559 | E92: =IF(E$86="","",E24/100*E$86) -> 0.0016864754 | F92: =IF(F$86="","",F24/100*F$86) -> 0.0034671762 | G92: =IF(G$86="","",G24/100*G$86) -> 0.0038744216 | H92: =IF(H$86="","",H24/100*H$86) -> 0.0029529289 | I92: =IF(I$86="","",I24/100*I$86) -> 0.0026191474 | J92: =IF(J$86="","",J24/100*J$86) -> 0.002293351 | K92: =IF(K$86="","",K24/100*K$86) -> 0.0018877025 | ... AB92: =IF(AB$86="","",AB24/100*AB$86)
A93: =IF(A25="", "", CONCATENATE(A25, " [Nl/h]")) -> Butane [Nl/h] | C93: =IFERROR(AVERAGE(D93:AB93), "") -> 0.0025060236 | D93: =IF(D$86="","",D25/100*D$86) -> 0.00062124898 | E93: =IF(E$86="","",E25/100*E$86) -> 0.0029369585 | F93: =IF(F$86="","",F25/100*F$86) -> 0.003887198 | G93: =IF(G$86="","",G25/100*G$86) -> 0.0039095565 | H93: =IF(H$86="","",H25/100*H$86) -> 0.003265949 | I93: =IF(I$86="","",I25/100*I$86) -> 0.0037817933 | J93: =IF(J$86="","",J25/100*J$86) -> 0.0027932248 | K93: =IF(K$86="","",K25/100*K$86) -> 0.0027101787 | ... AB93: =IF(AB$86="","",AB25/100*AB$86)
A94: =IF(A26="", "", CONCATENATE(A26, " [Nl/h]")) -> Pentane [Nl/h] | C94: =IFERROR(AVERAGE(D94:AB94), "") -> 0 | D94: =IF(D$86="","",D26/100*D$86) -> 0 | E94: =IF(E$86="","",E26/100*E$86) -> 0 | F94: =IF(F$86="","",F26/100*F$86) -> 0 | G94: =IF(G$86="","",G26/100*G$86) -> 0 | H94: =IF(H$86="","",H26/100*H$86) -> 0 | I94: =IF(I$86="","",I26/100*I$86) -> 0 | J94: =IF(J$86="","",J26/100*J$86) -> 0 | K94: =IF(K$86="","",K26/100*K$86) -> 0 | ... AB94: =IF(AB$86="","",AB26/100*AB$86)
A95: =IF(A27="", "", CONCATENATE(A27, " [Nl/h]")) -> C6s (Isomers of hexane?) [Nl/h] | C95: =IFERROR(AVERAGE(D95:AB95), "") -> 0 | D95: =IF(D$86="","",D27/100*D$86) -> 0 | E95: =IF(E$86="","",E27/100*E$86) -> 0 | F95: =IF(F$86="","",F27/100*F$86) -> 0 | G95: =IF(G$86="","",G27/100*G$86) -> 0 | H95: =IF(H$86="","",H27/100*H$86) -> 0 | I95: =IF(I$86="","",I27/100*I$86) -> 0 | J95: =IF(J$86="","",J27/100*J$86) -> 0 | K95: =IF(K$86="","",K27/100*K$86) -> 0 | ... AB95: =IF(AB$86="","",AB27/100*AB$86)
A96: =IF(A28="", "", CONCATENATE(A28, " [Nl/h]")) -> Hexane [Nl/h] | C96: =IFERROR(AVERAGE(D96:AB96), "") -> 0 | D96: =IF(D$86="","",D28/100*D$86) -> 0 | E96: =IF(E$86="","",E28/100*E$86) -> 0 | F96: =IF(F$86="","",F28/100*F$86) -> 0 | G96: =IF(G$86="","",G28/100*G$86) -> 0 | H96: =IF(H$86="","",H28/100*H$86) -> 0 | I96: =IF(I$86="","",I28/100*I$86) -> 0 | J96: =IF(J$86="","",J28/100*J$86) -> 0 | K96: =IF(K$86="","",K28/100*K$86) -> 0 | ... AB96: =IF(AB$86="","",AB28/100*AB$86)
A97: =IF(A29="", "", CONCATENATE(A29, " [Nl/h]")) -> C4 [Nl/h] | C97: =IFERROR(AVERAGE(D97:AB97), "") -> 0.53793081 | D97: =IF(D$86="","",D29/100*D$86) -> 0.021507352 | E97: =IF(E$86="","",E29/100*E$86) -> 0.56157554 | F97: =IF(F$86="","",F29/100*F$86) -> 0.94191726 | G97: =IF(G$86="","",G29/100*G$86) -> 0.9162033 | H97: =IF(H$86="","",H29/100*H$86) -> 0.70188837 | I97: =IF(I$86="","",I29/100*I$86) -> 0.82427442 | J97: =IF(J$86="","",J29/100*J$86) -> 0.68290275 | K97: =IF(K$86="","",K29/100*K$86) -> 0.58988628 | ... AB97: =IF(AB$86="","",AB29/100*AB$86)
A98: =IF(A30="", "", CONCATENATE(A30, " [Nl/h]")) -> C5 [Nl/h] | C98: =IFERROR(AVERAGE(D98:AB98), "") -> 0.0018859212 | D98: =IF(D$86="","",D30/100*D$86) -> 0.013528733 | E98: =IF(E$86="","",E30/100*E$86) -> 0.0030105559 | F98: =IF(F$86="","",F30/100*F$86) -> 0 | G98: =IF(G$86="","",G30/100*G$86) -> 0 | H98: =IF(H$86="","",H30/100*H$86) -> 0 | I98: =IF(I$86="","",I30/100*I$86) -> 0 | J98: =IF(J$86="","",J30/100*J$86) -> 0 | K98: =IF(K$86="","",K30/100*K$86) -> 0 | ... AB98: =IF(AB$86="","",AB30/100*AB$86)
A99: =IF(A31="", "", CONCATENATE(A31, " [Nl/h]")) -> C6 [Nl/h] | C99: =IFERROR(AVERAGE(D99:AB99), "") -> 0.00041190351 | D99: =IF(D$86="","",D31/100*D$86) -> 0.00031461709 | E99: =IF(E$86="","",E31/100*E$86) -> 0.0014469192 | F99: =IF(F$86="","",F31/100*F$86) -> 0.00041523068 | G99: =IF(G$86="","",G31/100*G$86) -> 0 | H99: =IF(H$86="","",H31/100*H$86) -> 0 | I99: =IF(I$86="","",I31/100*I$86) -> 0.0027660751 | J99: =IF(J$86="","",J31/100*J$86) -> 0 | K99: =IF(K$86="","",K31/100*K$86) -> 0 | ... AB99: =IF(AB$86="","",AB31/100*AB$86)
... A116: =IF(A48="", "", CONCATENATE(A48, " [Nl/h]")) -> N2 [Nl/h] | C116: =IFERROR(AVERAGE(D116:AB116), "") -> 98.248736 | D116: =IF(D$86="","",D48/100*D$86) -> 94.296971 | E116: =IF(E$86="","",E48/100*E$86) -> 98.469336 | F116: =IF(F$86="","",F48/100*F$86) -> 100.85515 | G116: =IF(G$86="","",G48/100*G$86) -> 100.45935 | H116: =IF(H$86="","",H48/100*H$86) -> 99.618059 | I116: =IF(I$86="","",I48/100*I$86) -> 98.831617 | J116: =IF(J$86="","",J48/100*J$86) -> 96.69652 | K116: =IF(K$86="","",K48/100*K$86) -> 98.095149 | ... AB116: =IF(AB$86="","",AB48/100*AB$86)
A117: =IF(A49="", "", CONCATENATE(A49, " [Nl/h]")) | C117: =IFERROR(AVERAGE(D117:AB117), "")
A118: =IF(A50="", "", CONCATENATE(A50, " [Nl/h]")) | C118: =IFERROR(AVERAGE(D118:AB118), "")
A120: TOS Carbon of Each Molecule | C120: Avg C' [g/h] | D120: TOS [min] ⇒ | E120: =E$17 | F120: =F$17 | G120: =G$17 | H120: =H$17 | I120: =I$17 | J120: =J$17 | K120: =K$17 | L120: =L$17 | ... AB120: =AB$17
A121: Methane | C121: =IFERROR(AVERAGE(D121:AB121), "") -> 0.04182672 | D121: =IFERROR((12.011*$AD52/$B20)*D52,"") -> 0.039532517 | E121: =IFERROR((12.011*$AD52/$B20)*E52,"") -> 0.041526846 | F121: =IFERROR((12.011*$AD52/$B20)*F52,"") -> 0.0415801 | G121: =IFERROR((12.011*$AD52/$B20)*G52,"") -> 0.04210238 | H121: =IFERROR((12.011*$AD52/$B20)*H52,"") -> 0.042102649 | I121: =IFERROR((12.011*$AD52/$B20)*I52,"") -> 0.042177564 | J121: =IFERROR((12.011*$AD52/$B20)*J52,"") -> 0.043015886 | K121: =IFERROR((12.011*$AD52/$B20)*K52,"") -> 0.042665214 | ... AB121: =IFERROR((12.011*$AD52/$B20)*AB52,"")
A122: Ethane | C122: =IFERROR(AVERAGE(D122:AB122), "") -> 0.0027654591 | D122: =IFERROR((12.011*$AD53/$B21)*D53,"") -> 0.00042468342 | E122: =IFERROR((12.011*$AD53/$B21)*E53,"") -> 0.0027430034 | F122: =IFERROR((12.011*$AD53/$B21)*F53,"") -> 0.0050787625 | G122: =IFERROR((12.011*$AD53/$B21)*G53,"") -> 0.0048598819 | H122: =IFERROR((12.011*$AD53/$B21)*H53,"") -> 0.0037486026 | I122: =IFERROR((12.011*$AD53/$B21)*I53,"") -> 0.0033351026 | J122: =IFERROR((12.011*$AD53/$B21)*J53,"") -> 0.0031864998 | K122: =IFERROR((12.011*$AD53/$B21)*K53,"") -> 0.0029526893 | ... AB122: =IFERROR((12.011*$AD53/$B21)*AB53,"")
A123: Ethylene | C123: =IFERROR(AVERAGE(D123:AB123), "") -> 0.10345809 | D123: =IFERROR((12.011*$AD54/$B22)*D54,"") -> 0.054151372 | E123: =IFERROR((12.011*$AD54/$B22)*E54,"") -> 0.10002427 | F123: =IFERROR((12.011*$AD54/$B22)*F54,"") -> 0.13498025 | G123: =IFERROR((12.011*$AD54/$B22)*G54,"") -> 0.13622297 | H123: =IFERROR((12.011*$AD54/$B22)*H54,"") -> 0.12361196 | I123: =IFERROR((12.011*$AD54/$B22)*I54,"") -> 0.12141602 | J123: =IFERROR((12.011*$AD54/$B22)*J54,"") -> 0.12208545 | K123: =IFERROR((12.011*$AD54/$B22)*K54,"") -> 0.11294306 | ... AB123: =IFERROR((12.011*$AD54/$B22)*AB54,"")
A124: Propane | C124: =IFERROR(AVERAGE(D124:AB124), "") -> 0 | D124: =IFERROR((12.011*$AD55/$B23)*D55,"") -> 0 | E124: =IFERROR((12.011*$AD55/$B23)*E55,"") -> 0 | F124: =IFERROR((12.011*$AD55/$B23)*F55,"") -> 0 | G124: =IFERROR((12.011*$AD55/$B23)*G55,"") -> 0 | H124: =IFERROR((12.011*$AD55/$B23)*H55,"") -> 0 | I124: =IFERROR((12.011*$AD55/$B23)*I55,"") -> 0 | J124: =IFERROR((12.011*$AD55/$B23)*J55,"") -> 0 | K124: =IFERROR((12.011*$AD55/$B23)*K55,"") -> 0 | ... AB124: =IFERROR((12.011*$AD55/$B23)*AB55,"")
A125: Propylene | C125: =IFERROR(AVERAGE(D125:AB125), "") -> 6.0607126e-05 | D125: =IFERROR((12.011*$AD56/$B24)*D56,"") -> 0.00011264579 | E125: =IFERROR((12.011*$AD56/$B24)*E56,"") -> 4.8186377e-05 | F125: =IFERROR((12.011*$AD56/$B24)*F56,"") -> 9.6603428e-05 | G125: =IFERROR((12.011*$AD56/$B24)*G56,"") -> 0.00010845702 | H125: =IFERROR((12.011*$AD56/$B24)*H56,"") -> 8.3289934e-05 | I125: =IFERROR((12.011*$AD56/$B24)*I56,"") -> 7.4408471e-05 | J125: =IFERROR((12.011*$AD56/$B24)*J56,"") -> 6.6797599e-05 | K125: =IFERROR((12.011*$AD56/$B24)*K56,"") -> 5.4355825e-05 | ... AB125: =IFERROR((12.011*$AD56/$B24)*AB56,"")
A126: Butane | C126: =IFERROR(AVERAGE(D126:AB126), "") -> 9.5322755e-05 | D126: =IFERROR((12.011*$AD57/$B25)*D57,"") -> 2.3539734e-05 | E126: =IFERROR((12.011*$AD57/$B25)*E57,"") -> 0.00011188731 | F126: =IFERROR((12.011*$AD57/$B25)*F57,"") -> 0.00014440826 | G126: =IFERROR((12.011*$AD57/$B25)*G57,"") -> 0.00014592074 | H126: =IFERROR((12.011*$AD57/$B25)*H57,"") -> 0.00012282525 | I126: =IFERROR((12.011*$AD57/$B25)*I57,"") -> 0.00014325143 | J126: =IFERROR((12.011*$AD57/$B25)*J57,"") -> 0.00010847632 | K126: =IFERROR((12.011*$AD57/$B25)*K57,"") -> 0.0001040517 | ... AB126: =IFERROR((12.011*$AD57/$B25)*AB57,"")
A127: Pentane | C127: =IFERROR(AVERAGE(D127:AB127), "") -> 0 | D127: =IFERROR((12.011*$AD58/$B26)*D58,"") -> 0 | E127: =IFERROR((12.011*$AD58/$B26)*E58,"") -> 0 | F127: =IFERROR((12.011*$AD58/$B26)*F58,"") -> 0 | G127: =IFERROR((12.011*$AD58/$B26)*G58,"") -> 0 | H127: =IFERROR((12.011*$AD58/$B26)*H58,"") -> 0 | I127: =IFERROR((12.011*$AD58/$B26)*I58,"") -> 0 | J127: =IFERROR((12.011*$AD58/$B26)*J58,"") -> 0 | K127: =IFERROR((12.011*$AD58/$B26)*K58,"") -> 0 | ... AB127: =IFERROR((12.011*$AD58/$B26)*AB58,"")
A128: C6s (Isomers of hexane?) | C128: =IFERROR(AVERAGE(D128:AB128), "") -> 0 | D128: =IFERROR((12.011*$AD59/$B27)*D59,"") -> 0 | E128: =IFERROR((12.011*$AD59/$B27)*E59,"") -> 0 | F128: =IFERROR((12.011*$AD59/$B27)*F59,"") -> 0 | G128: =IFERROR((12.011*$AD59/$B27)*G59,"") -> 0 | H128: =IFERROR((12.011*$AD59/$B27)*H59,"") -> 0 | I128: =IFERROR((12.011*$AD59/$B27)*I59,"") -> 0 | J128: =IFERROR((12.011*$AD59/$B27)*J59,"") -> 0 | K128: =IFERROR((12.011*$AD59/$B27)*K59,"") -> 0 | ... AB128: =IFERROR((12.011*$AD59/$B27)*AB59,"")
A129: Hexane | C129: =IFERROR(AVERAGE(D129:AB129), "") -> 0 | D129: =IFERROR((12.011*$AD60/$B28)*D60,"") -> 0 | E129: =IFERROR((12.011*$AD60/$B28)*E60,"") -> 0 | F129: =IFERROR((12.011*$AD60/$B28)*F60,"") -> 0 | G129: =IFERROR((12.011*$AD60/$B28)*G60,"") -> 0 | H129: =IFERROR((12.011*$AD60/$B28)*H60,"") -> 0 | I129: =IFERROR((12.011*$AD60/$B28)*I60,"") -> 0 | J129: =IFERROR((12.011*$AD60/$B28)*J60,"") -> 0 | K129: =IFERROR((12.011*$AD60/$B28)*K60,"") -> 0 | ... AB129: =IFERROR((12.011*$AD60/$B28)*AB60,"")
A130: C4 | C130: =IFERROR(AVERAGE(D130:AB130), "") -> 0.020447975 | D130: =IFERROR((12.011*$AD61/$B29)*D61,"") -> 0.00081493469 | E130: =IFERROR((12.011*$AD61/$B29)*E61,"") -> 0.02139396 | F130: =IFERROR((12.011*$AD61/$B29)*F61,"") -> 0.034991948 | G130: =IFERROR((12.011*$AD61/$B29)*G61,"") -> 0.034196478 | H130: =IFERROR((12.011*$AD61/$B29)*H61,"") -> 0.026396498 | I130: =IFERROR((12.011*$AD61/$B29)*I61,"") -> 0.031222883 | J130: =IFERROR((12.011*$AD61/$B29)*J61,"") -> 0.02652088 | K130: =IFERROR((12.011*$AD61/$B29)*K61,"") -> 0.022647463 | ... AB130: =IFERROR((12.011*$AD61/$B29)*AB61,"")
A131: C5 | C131: =IFERROR(AVERAGE(D131:AB131), "") -> 8.9991631e-05 | D131: =IFERROR((12.011*$AD62/$B30)*D62,"") -> 0.00064077121 | E131: =IFERROR((12.011*$AD62/$B30)*E62,"") -> 0.00014336387 | F131: =IFERROR((12.011*$AD62/$B30)*F62,"") -> 0 | G131: =IFERROR((12.011*$AD62/$B30)*G62,"") -> 0 | H131: =IFERROR((12.011*$AD62/$B30)*H62,"") -> 0 | I131: =IFERROR((12.011*$AD62/$B30)*I62,"") -> 0 | J131: =IFERROR((12.011*$AD62/$B30)*J62,"") -> 0 | K131: =IFERROR((12.011*$AD62/$B30)*K62,"") -> 0 | ... AB131: =IFERROR((12.011*$AD62/$B30)*AB62,"")
A132: C6 | C132: =IFERROR(AVERAGE(D132:AB132), "") -> 2.3405744e-05 | D132: =IFERROR((12.011*$AD63/$B31)*D63,"") -> 1.7881726e-05 | E132: =IFERROR((12.011*$AD63/$B31)*E63,"") -> 8.2683442e-05 | F132: =IFERROR((12.011*$AD63/$B31)*F63,"") -> 2.3138546e-05 | G132: =IFERROR((12.011*$AD63/$B31)*G63,"") -> 0 | H132: =IFERROR((12.011*$AD63/$B31)*H63,"") -> 0 | I132: =IFERROR((12.011*$AD63/$B31)*I63,"") -> 0.00015716521 | J132: =IFERROR((12.011*$AD63/$B31)*J63,"") -> 0 | K132: =IFERROR((12.011*$AD63/$B31)*K63,"") -> 0 | ... AB132: =IFERROR((12.011*$AD63/$B31)*AB63,"")
... A149: N2 | C149: =IFERROR(AVERAGE(D149:AB149), "") -> 0 | D149: =IFERROR((12.011*$AD80/$B48)*D80,"") -> 0 | E149: =IFERROR((12.011*$AD80/$B48)*E80,"") -> 0 | F149: =IFERROR((12.011*$AD80/$B48)*F80,"") -> 0 | G149: =IFERROR((12.011*$AD80/$B48)*G80,"") -> 0 | H149: =IFERROR((12.011*$AD80/$B48)*H80,"") -> 0 | I149: =IFERROR((12.011*$AD80/$B48)*I80,"") -> 0 | J149: =IFERROR((12.011*$AD80/$B48)*J80,"") -> 0 | K149: =IFERROR((12.011*$AD80/$B48)*K80,"") -> 0 | ... AB149: =IFERROR((12.011*$AD80/$B48)*AB80,"")
A150: Total | C150: =SUM(C121:C149) -> 0.32809114 | D150: =IF(SUM(D121:D149)=0,"",SUM(D121:D149)) -> 0.3082684 | E150: =IF(SUM(E121:E149)=0,"",SUM(E121:E149)) -> 0.31922024 | F150: =IF(SUM(F121:F149)=0,"",SUM(F121:F149)) -> 0.33332057 | G150: =IF(SUM(G121:G149)=0,"",SUM(G121:G149)) -> 0.343826 | H150: =IF(SUM(H121:H149)=0,"",SUM(H121:H149)) -> 0.33610871 | I150: =IF(SUM(I121:I149)=0,"",SUM(I121:I149)) -> 0.36953685 | J150: =IF(SUM(J121:J149)=0,"",SUM(J121:J149)) -> 0.350362 | K150: =IF(SUM(K121:K149)=0,"",SUM(K121:K149)) -> 0.33707445 | ... AB150: =IF(SUM(AB121:AB149)=0,"",SUM(AB121:AB149))

Sheet R5_MB
A1: Run Number | C1: ='R4_MB'!C1 -> R6-C1-S1
A2: Run Objective | C2: ='R4_MB'!C2
A3: Run Start Date | C3: =Run_Plan!$B$3 -> 45425.583 | E3: Duration of Sampling | F3: =(C6-C5)*1440 -> 6
A4: Condition and Sample Number | C4: =Liq!B4 -> C1-S1 | E4: Average Time-on-Stream | F4: =24*((C5+C6)/2-C3) -> 17.916667
A5: Sample Collection Started | C5: =Liq!B5 -> 45426.328 | E5: Average Ar Flow to Reactor | F5: =Gas!F20 -> 0.22890922 | H5: GC injection time lies outside sampling duration - check!
A6: Sample Collection Finished | C6: =Liq!B6 -> 45426.332 | H6: {=MIN(IF(D16:XFD16<>0,D16:XFD16))} -> 0 | I6: {=MAX(IF(D16:XFD16<>0,D16:XFD16))} -> 0 | K6: =IF(AND(H7=TRUE,I7=TRUE),"Pass","Fail") -> Pass
H7: =IF(Liq!F3>'R1_MB'!H6,"NA",TRUE) -> TRUE | I7: =IF(Liq!F6<'R1_MB'!I6,"NA",TRUE) -> TRUE
A8: Flow Rate of Liquid Feed [g/h] | C8: =Liq!F13 -> 0.5
A9: Flow Rate of Gas Feed [g/h] | C9: =IFERROR(Gas!F12-Gas!F20,"") -> 2.5568051 | D9: (Without Ar)
A10: Flow Rate of HC TLP [g/h] | C10: =Liq!F40 -> 0
A11: Flow Rate of Aqueous TLP [g/h] | C11: =Liq!F41 -> 0
A12: Flow Rate of Gas Product [g/h] | C12: =SUM(C52:C74,C76:C80) -> 2.6890046 | D12: (Without Ar)
A13: Mass Balance Closure [%] | C13: =IFERROR(100*(C12+C11+C10)/(C9+C8),"") -> 87.967813
A15: GC Analysis Rep Number for the Reactor
A16: Date and Time
A17: Cumulative Time Lapsed [min] | D17: =IF(D15="", "", (D16-$D$16)*1440) | E17: =IF(E15="", "", (E16-$D$16)*1440) | F17: =IF(F15="", "", (F16-$D$16)*1440) | G17: =IF(G15="", "", (G16-$D$16)*1440) | H17: =IF(H15="", "", (H16-$D$16)*1440) | I17: =IF(I15="", "", (I16-$D$16)*1440) | J17: =IF(J15="", "", (J16-$D$16)*1440) | K17: =IF(K15="", "", (K16-$D$16)*1440) | ... AB17: =IF(AB15="", "", (AB16-$D$16)*1440)
A18: Time Elapsed Between Two Reps [min] | E18: =IF(E17="", "", E17-D17) | F18: =IF(F17="", "", F17-E17) | G18: =IF(G17="", "", G17-F17) | H18: =IF(H17="", "", H17-G17) | I18: =IF(I17="", "", I17-H17) | J18: =IF(J17="", "", J17-I17) | K18: =IF(K17="", "", K17-J17) | L18: =IF(L17="", "", L17-K17) | ... AB18: =IF(AB17="", "", AB17-AA17)
A19: Normalized Mol% | B19: Mol Wt
A20: Methane | B20: 16.04 | D20: 2.593602 | E20: 2.592713 | F20: 2.600811 | G20: 2.644256 | H20: 2.378688 | I20: 2.638621 | J20: 2.627509 | K20: 2.627701 | L20: 2.612991 | M20: 2.605021 | N20: 2.611331 | O20: 2.61174 | AC20: =IFERROR(_xlfn.STDEV.S(E20:AB20),"") -> 0.073656186 | AD20: =IFERROR(AVERAGE(E20:AB20),"") -> 2.5955802 | AE20: =IFERROR(AD20+(2*AC20),"") -> 2.7428926
A21: Ethane | B21: 30.07 | D21: 0.003013 | E21: 0.002132 | F21: 0.002633 | G21: 0.00256 | H21: 0.116591 | I21: 0.002585 | J21: 0.001929 | K21: 0.003959 | L21: 0.001898 | M21: 0.001844 | N21: 0.001846 | O21: 0.001934 | AC21: =IFERROR(_xlfn.STDEV.S(E21:AB21),"") -> 0.034456012 | AD21: =IFERROR(AVERAGE(E21:AB21),"") -> 0.012719182 | AE21: =IFERROR(AD21+(2*AC21),"") -> 0.081631205
A22: Ethylene | B22: 28.05 | D22: 1.634976 | E22: 1.63157 | F22: 1.643965 | G22: 1.670818 | H22: 3.176704 | I22: 1.674027 | J22: 1.654486 | K22: 1.662892 | L22: 1.64517 | M22: 1.640353 | N22: 1.6455 | O22: 1.647792 | AC22: =IFERROR(_xlfn.STDEV.S(E22:AB22),"") -> 0.4600023 | AD22: =IFERROR(AVERAGE(E22:AB22),"") -> 1.7902979 | AE22: =IFERROR(AD22+(2*AC22),"") -> 2.7103025
A23: Propane | B23: 44.1 | D23: 0 | E23: 0 | F23: 0 | G23: 0 | H23: 0.003201 | I23: 0 | J23: 0 | K23: 0 | L23: 0 | M23: 0 | N23: 0 | O23: 0 | AC23: =IFERROR(_xlfn.STDEV.S(E23:AB23),"") -> 0.00096513781 | AD23: =IFERROR(AVERAGE(E23:AB23),"") -> 0.000291 | AE23: =IFERROR(AD23+(2*AC23),"") -> 0.0022212756
A24: Propylene | B24: 42.08 | D24: 0.000343 | E24: 0 | F24: 0 | G24: 0 | H24: 0.007828 | I24: 0 | J24: 0 | K24: 0 | L24: 0 | M24: 0 | N24: 0 | O24: 0 | AC24: =IFERROR(_xlfn.STDEV.S(E24:AB24),"") -> 0.0023602308 | AD24: =IFERROR(AVERAGE(E24:AB24),"") -> 0.00071163636 | AE24: =IFERROR(AD24+(2*AC24),"") -> 0.005432098
A25: Butane | B25: 58.12 | D25: 0.000232 | E25: 0 | F25: 0 | G25: 0 | H25: 0.003311 | I25: 0 | J25: 0 | K25: 0 | L25: 0 | M25: 0.000222 | N25: 0.000273 | O25: 0.000277 | AC25: =IFERROR(_xlfn.STDEV.S(E25:AB25),"") -> 0.00098222847 | AD25: =IFERROR(AVERAGE(E25:AB25),"") -> 0.00037118182 | AE25: =IFERROR(AD25+(2*AC25),"") -> 0.0023356388
A26: Pentane | B26: 72.15 | D26: 0 | E26: 0 | F26: 0 | G26: 0 | H26: 0 | I26: 0 | J26: 0 | K26: 0 | L26: 0 | M26: 0 | N26: 0 | O26: 0 | AC26: =IFERROR(_xlfn.STDEV.S(E26:AB26),"") -> 0 | AD26: =IFERROR(AVERAGE(E26:AB26),"") -> 0 | AE26: =IFERROR(AD26+(2*AC26),"") -> 0
A27: C6s (Isomers of hexane?) | B27: 86.18 | D27: 0 | E27: 0 | F27: 0 | G27: 0 | H27: 0 | I27: 0 | J27: 0 | K27: 0 | L27: 0 | M27: 0 | N27: 0 | O27: 0 | AC27: =IFERROR(_xlfn.STDEV.S(E27:AB27),"") -> 0 | AD27: =IFERROR(AVERAGE(E27:AB27),"") -> 0 | AE27: =IFERROR(AD27+(2*AC27),"") -> 0
A28: Hexane | B28: 86.18 | D28: 0 | E28: 0 | F28: 0 | G28: 0 | H28: 0 | I28: 0 | J28: 0 | K28: 0 | L28: 0 | M28: 0 | N28: 0 | O28: 0 | AC28: =IFERROR(_xlfn.STDEV.S(E28:AB28),"") -> 0 | AD28: =IFERROR(AVERAGE(E28:AB28),"") -> 0 | AE28: =IFERROR(AD28+(2*AC28),"") -> 0
A29: C4 | B29: 58.12 | D29: 0.004106 | E29: 0.010508 | F29: 0.016971 | G29: 0.01735 | H29: 0.438887 | I29: 0.022503 | J29: 0.010584 | K29: 0.008069 | L29: 0.005118 | M29: 0.004981 | N29: 0.00537 | O29: 0.005403 | AC29: =IFERROR(_xlfn.STDEV.S(E29:AB29),"") -> 0.12924309 | AD29: =IFERROR(AVERAGE(E29:AB29),"") -> 0.049613091 | AE29: =IFERROR(AD29+(2*AC29),"") -> 0.30809927
A30: C5 | B30: 72.15 | D30: 0.0016416896 | E30: 0 | F30: 0 | G30: 0 | H30: 0 | I30: 0 | J30: 0 | K30: 0 | L30: 0 | M30: 0 | N30: 0 | O30: 0 | AC30: =IFERROR(_xlfn.STDEV.S(E30:AB30),"") -> 0 | AD30: =IFERROR(AVERAGE(E30:AB30),"") -> 0 | AE30: =IFERROR(AD30+(2*AC30),"") -> 0
A31: C6 | B31: 86.18 | D31: 0.000216 | E31: 0 | F31: 0 | G31: 0 | H31: 0.000539 | I31: 0 | J31: 0 | K31: 0 | L31: 0 | M31: 0 | N31: 0 | O31: 0 | AC31: =IFERROR(_xlfn.STDEV.S(E31:AB31),"") -> 0.00016251461 | AD31: =IFERROR(AVERAGE(E31:AB31),"") -> 4.9e-05 | AE31: =IFERROR(AD31+(2*AC31),"") -> 0.00037402923
... A48: N2 | B48: 28.0134 | D48: 58.456075 | E48: 58.626977 | F48: 58.795151 | G48: 58.742799 | H48: 62.904335 | I48: 58.736061 | J48: 58.532792 | K48: 58.942928 | L48: 59.351822 | M48: 59.387815 | N48: 59.445235 | O48: 59.388146 | AC48: =IFERROR(_xlfn.STDEV.S(E48:AB48),"") -> 1.2269892 | AD48: =IFERROR(AVERAGE(E48:AB48),"") -> 59.350369 | AE48: =IFERROR(AD48+(2*AC48),"") -> 61.804348
A51: Mass Flow Rates of Each Molecule | C51: Avg Flow Rate | AC51: C" Mass Flow Rate (g/h) | AD51: Number of "C' Atom
A52: =IF(A20="", "", CONCATENATE(A20, " [g/h]")) -> Methane [g/h] | C52: =IFERROR(AVERAGE(D52:AB52), "") -> 0.055588739 | D52: =IF(SUM(D20:D48)=0, "", (D20*$B20/(D$43*$B$43))*$F$5) -> 0.05440025 | E52: =IF(SUM(E20:E48)=0, "", (E20*$B20/(E$43*$B$43))*$F$5) -> 0.055361117 | F52: =IF(SUM(F20:F48)=0, "", (F20*$B20/(F$43*$B$43))*$F$5) -> 0.055376578 | G52: =IF(SUM(G20:G48)=0, "", (G20*$B20/(G$43*$B$43))*$F$5) -> 0.056303515 | H52: =IF(SUM(H20:H48)=0, "", (H20*$B20/(H$43*$B$43))*$F$5) -> 0.053514316 | I52: =IF(SUM(I20:I48)=0, "", (I20*$B20/(I$43*$B$43))*$F$5) -> 0.056091167 | J52: =IF(SUM(J20:J48)=0, "", (J20*$B20/(J$43*$B$43))*$F$5) -> 0.056368048 | K52: =IF(SUM(K20:K48)=0, "", (K20*$B20/(K$43*$B$43))*$F$5) -> 0.056353515 | ... AB52: =IF(SUM(AB20:AB48)=0, "", (AB20*$B20/(AB$43*$B$43))*$F$5) | AC52: =(12.011*$AD52/$B20)*$C52 -> 0.041625708 | AD52: 1
A53: =IF(A21="", "", CONCATENATE(A21, " [g/h]")) -> Ethane [g/h] | C53: =IFERROR(AVERAGE(D53:AB53), "") -> 0.00049747923 | D53: =IF(SUM(D21:D49)=0, "", (D21*$B21/(D$43*$B$43))*$F$5) -> 0.00011847474 | E53: =IF(SUM(E21:E49)=0, "", (E21*$B21/(E$43*$B$43))*$F$5) -> 8.5342756e-05 | F53: =IF(SUM(F21:F49)=0, "", (F21*$B21/(F$43*$B$43))*$F$5) -> 0.00010509868 | G53: =IF(SUM(G21:G49)=0, "", (G21*$B21/(G$43*$B$43))*$F$5) -> 0.00010218827 | H53: =IF(SUM(H21:H49)=0, "", (H21*$B21/(H$43*$B$43))*$F$5) -> 0.0049172987 | I53: =IF(SUM(I21:I49)=0, "", (I21*$B21/(I$43*$B$43))*$F$5) -> 0.00010301657 | J53: =IF(SUM(J21:J49)=0, "", (J21*$B21/(J$43*$B$43))*$F$5) -> 7.7580053e-05 | K53: =IF(SUM(K21:K49)=0, "", (K21*$B21/(K$43*$B$43))*$F$5) -> 0.00015916942 | ... AB53: =IF(SUM(AB21:AB49)=0, "", (AB21*$B21/(AB$43*$B$43))*$F$5) | AC53: =(12.011*$AD53/$B21)*$C53 -> 0.00039742089 | AD53: 2
A54: =IF(A22="", "", CONCATENATE(A22, " [g/h]")) -> Ethylene [g/h] | C54: =IFERROR(AVERAGE(D54:AB54), "") -> 0.066834051 | D54: =IF(SUM(D22:D50)=0, "", (D22*$B22/(D$43*$B$43))*$F$5) -> 0.059970469 | E54: =IF(SUM(E22:E50)=0, "", (E22*$B22/(E$43*$B$43))*$F$5) -> 0.060923468 | F54: =IF(SUM(F22:F50)=0, "", (F22*$B22/(F$43*$B$43))*$F$5) -> 0.061212256 | G54: =IF(SUM(G22:G50)=0, "", (G22*$B22/(G$43*$B$43))*$F$5) -> 0.062214219 | H54: =IF(SUM(H22:H50)=0, "", (H22*$B22/(H$43*$B$43))*$F$5) -> 0.1249792 | I54: =IF(SUM(I22:I50)=0, "", (I22*$B22/(I$43*$B$43))*$F$5) -> 0.062231235 | J54: =IF(SUM(J22:J50)=0, "", (J22*$B22/(J$43*$B$43))*$F$5) -> 0.062069805 | K54: =IF(SUM(K22:K50)=0, "", (K22*$B22/(K$43*$B$43))*$F$5) -> 0.062364524 | ... AB54: =IF(SUM(AB22:AB50)=0, "", (AB22*$B22/(AB$43*$B$43))*$F$5) | AC54: =(12.011*$AD54/$B22)*$C54 -> 0.057236634 | AD54: 2
A55: =IF(A23="", "", CONCATENATE(A23, " [g/h]")) -> Propane [g/h] | C55: =IFERROR(AVERAGE(D55:AB55), "") -> 1.6499514e-05 | D55: =IF(SUM(D23:D51)=0, "", (D23*$B23/(D$43*$B$43))*$F$5) -> 0 | E55: =IF(SUM(E23:E51)=0, "", (E23*$B23/(E$43*$B$43))*$F$5) -> 0 | F55: =IF(SUM(F23:F51)=0, "", (F23*$B23/(F$43*$B$43))*$F$5) -> 0 | G55: =IF(SUM(G23:G51)=0, "", (G23*$B23/(G$43*$B$43))*$F$5) -> 0 | H55: =IF(SUM(H23:H51)=0, "", (H23*$B23/(H$43*$B$43))*$F$5) -> 0.00019799417 | I55: =IF(SUM(I23:I51)=0, "", (I23*$B23/(I$43*$B$43))*$F$5) -> 0 | J55: =IF(SUM(J23:J51)=0, "", (J23*$B23/(J$43*$B$43))*$F$5) -> 0 | K55: =IF(SUM(K23:K51)=0, "", (K23*$B23/(K$43*$B$43))*$F$5) -> 0 | ... AB55: =IF(SUM(AB23:AB51)=0, "", (AB23*$B23/(AB$43*$B$43))*$F$5) | AC55: =(12.011*$AD55/$B23)*$C55 -> 1.3481338e-05 | AD55: 3
A56: =IF(A24="", "", CONCATENATE(A24, " [g/h]")) -> Propylene [g/h] | C56: =IFERROR(AVERAGE(D56:AB56), "") -> 4.0073956e-05 | D56: =IF(SUM(D24:D52)=0, "", (D24*$B24/(D$43*$B$43))*$F$5) -> 1.8873961e-05 | E56: =IF(SUM(E24:E52)=0, "", (E24*$B24/(E$43*$B$43))*$F$5) -> 0 | F56: =IF(SUM(F24:F52)=0, "", (F24*$B24/(F$43*$B$43))*$F$5) -> 0 | G56: =IF(SUM(G24:G52)=0, "", (G24*$B24/(G$43*$B$43))*$F$5) -> 0 | H56: =IF(SUM(H24:H52)=0, "", (H24*$B24/(H$43*$B$43))*$F$5) -> 0.00046201352 | I56: =IF(SUM(I24:I52)=0, "", (I24*$B24/(I$43*$B$43))*$F$5) -> 0 | J56: =IF(SUM(J24:J52)=0, "", (J24*$B24/(J$43*$B$43))*$F$5) -> 0 | K56: =IF(SUM(K24:K52)=0, "", (K24*$B24/(K$43*$B$43))*$F$5) -> 0 | ... AB56: =IF(SUM(AB24:AB52)=0, "", (AB24*$B24/(AB$43*$B$43))*$F$5) | AC56: =(12.011*$AD56/$B24)*$C56 -> 3.431523e-05 | AD56: 3
A57: =IF(A25="", "", CONCATENATE(A25, " [g/h]")) -> Butane [g/h] | C57: =IFERROR(AVERAGE(D57:AB57), "") -> 2.8940488e-05 | D57: =IF(SUM(D25:D53)=0, "", (D25*$B25/(D$43*$B$43))*$F$5) -> 1.7632211e-05 | E57: =IF(SUM(E25:E53)=0, "", (E25*$B25/(E$43*$B$43))*$F$5) -> 0 | F57: =IF(SUM(F25:F53)=0, "", (F25*$B25/(F$43*$B$43))*$F$5) -> 0 | G57: =IF(SUM(G25:G53)=0, "", (G25*$B25/(G$43*$B$43))*$F$5) -> 0 | H57: =IF(SUM(H25:H53)=0, "", (H25*$B25/(H$43*$B$43))*$F$5) -> 0.00026990624 | I57: =IF(SUM(I25:I53)=0, "", (I25*$B25/(I$43*$B$43))*$F$5) -> 0 | J57: =IF(SUM(J25:J53)=0, "", (J25*$B25/(J$43*$B$43))*$F$5) -> 0 | K57: =IF(SUM(K25:K53)=0, "", (K25*$B25/(K$43*$B$43))*$F$5) -> 0 | ... AB57: =IF(SUM(AB25:AB53)=0, "", (AB25*$B25/(AB$43*$B$43))*$F$5) | AC57: =(12.011*$AD57/$B25)*$C57 -> 2.3923207e-05 | AD57: 4
A58: =IF(A26="", "", CONCATENATE(A26, " [g/h]")) -> Pentane [g/h] | C58: =IFERROR(AVERAGE(D58:AB58), "") -> 0 | D58: =IF(SUM(D26:D54)=0, "", (D26*$B26/(D$43*$B$43))*$F$5) -> 0 | E58: =IF(SUM(E26:E54)=0, "", (E26*$B26/(E$43*$B$43))*$F$5) -> 0 | F58: =IF(SUM(F26:F54)=0, "", (F26*$B26/(F$43*$B$43))*$F$5) -> 0 | G58: =IF(SUM(G26:G54)=0, "", (G26*$B26/(G$43*$B$43))*$F$5) -> 0 | H58: =IF(SUM(H26:H54)=0, "", (H26*$B26/(H$43*$B$43))*$F$5) -> 0 | I58: =IF(SUM(I26:I54)=0, "", (I26*$B26/(I$43*$B$43))*$F$5) -> 0 | J58: =IF(SUM(J26:J54)=0, "", (J26*$B26/(J$43*$B$43))*$F$5) -> 0 | K58: =IF(SUM(K26:K54)=0, "", (K26*$B26/(K$43*$B$43))*$F$5) -> 0 | ... AB58: =IF(SUM(AB26:AB54)=0, "", (AB26*$B26/(AB$43*$B$43))*$F$5) | AC58: =(12.011*$AD58/$B26)*$C58 -> 0 | AD58: 5
A59: =IF(A27="", "", CONCATENATE(A27, " [g/h]")) -> C6s (Isomers of hexane?) [g/h] | C59: =IFERROR(AVERAGE(D59:AB59), "") -> 0 | D59: =IF(SUM(D27:D55)=0, "", (D27*$B27/(D$43*$B$43))*$F$5) -> 0 | E59: =IF(SUM(E27:E55)=0, "", (E27*$B27/(E$43*$B$43))*$F$5) -> 0 | F59: =IF(SUM(F27:F55)=0, "", (F27*$B27/(F$43*$B$43))*$F$5) -> 0 | G59: =IF(SUM(G27:G55)=0, "", (G27*$B27/(G$43*$B$43))*$F$5) -> 0 | H59: =IF(SUM(H27:H55)=0, "", (H27*$B27/(H$43*$B$43))*$F$5) -> 0 | I59: =IF(SUM(I27:I55)=0, "", (I27*$B27/(I$43*$B$43))*$F$5) -> 0 | J59: =IF(SUM(J27:J55)=0, "", (J27*$B27/(J$43*$B$43))*$F$5) -> 0 | K59: =IF(SUM(K27:K55)=0, "", (K27*$B27/(K$43*$B$43))*$F$5) -> 0 | ... AB59: =IF(SUM(AB27:AB55)=0, "", (AB27*$B27/(AB$43*$B$43))*$F$5) | AC59: =(12.011*$AD59/$B27)*$C59 -> 0 | AD59: 6
A60: =IF(A28="", "", CONCATENATE(A28, " [g/h]")) -> Hexane [g/h] | C60: =IFERROR(AVERAGE(D60:AB60), "") -> 0 | D60: =IF(SUM(D28:D56)=0, "", (D28*$B28/(D$43*$B$43))*$F$5) -> 0 | E60: =IF(SUM(E28:E56)=0, "", (E28*$B28/(E$43*$B$43))*$F$5) -> 0 | F60: =IF(SUM(F28:F56)=0, "", (F28*$B28/(F$43*$B$43))*$F$5) -> 0 | G60: =IF(SUM(G28:G56)=0, "", (G28*$B28/(G$43*$B$43))*$F$5) -> 0 | H60: =IF(SUM(H28:H56)=0, "", (H28*$B28/(H$43*$B$43))*$F$5) -> 0 | I60: =IF(SUM(I28:I56)=0, "", (I28*$B28/(I$43*$B$43))*$F$5) -> 0 | J60: =IF(SUM(J28:J56)=0, "", (J28*$B28/(J$43*$B$43))*$F$5) -> 0 | K60: =IF(SUM(K28:K56)=0, "", (K28*$B28/(K$43*$B$43))*$F$5) -> 0 | ... AB60: =IF(SUM(AB28:AB56)=0, "", (AB28*$B28/(AB$43*$B$43))*$F$5) | AC60: =(12.011*$AD60/$B28)*$C60 -> 0 | AD60: 6
A61: =IF(A29="", "", CONCATENATE(A29, " [g/h]")) -> C4 [g/h] | C61: =IFERROR(AVERAGE(D61:AB61), "") -> 0.0036958826 | D61: =IF(SUM(D29:D57)=0, "", (D29*$B29/(D$43*$B$43))*$F$5) -> 0.00031205974 | E61: =IF(SUM(E29:E57)=0, "", (E29*$B29/(E$43*$B$43))*$F$5) -> 0.00081300217 | F61: =IF(SUM(F29:F57)=0, "", (F29*$B29/(F$43*$B$43))*$F$5) -> 0.0013093206 | G61: =IF(SUM(G29:G57)=0, "", (G29*$B29/(G$43*$B$43))*$F$5) -> 0.0013386059 | H61: =IF(SUM(H29:H57)=0, "", (H29*$B29/(H$43*$B$43))*$F$5) -> 0.035777209 | I61: =IF(SUM(I29:I57)=0, "", (I29*$B29/(I$43*$B$43))*$F$5) -> 0.0017333215 | J61: =IF(SUM(J29:J57)=0, "", (J29*$B29/(J$43*$B$43))*$F$5) -> 0.00082273477 | K61: =IF(SUM(K29:K57)=0, "", (K29*$B29/(K$43*$B$43))*$F$5) -> 0.00062702668 | ... AB61: =IF(SUM(AB29:AB57)=0, "", (AB29*$B29/(AB$43*$B$43))*$F$5) | AC61: =(12.011*$AD61/$B29)*$C61 -> 0.0030551443 | AD61: 4
A62: =IF(A30="", "", CONCATENATE(A30, " [g/h]")) -> C5 [g/h] | C62: =IFERROR(AVERAGE(D62:AB62), "") -> 1.2907417e-05 | D62: =IF(SUM(D30:D58)=0, "", (D30*$B30/(D$43*$B$43))*$F$5) -> 0.000154889 | E62: =IF(SUM(E30:E58)=0, "", (E30*$B30/(E$43*$B$43))*$F$5) -> 0 | F62: =IF(SUM(F30:F58)=0, "", (F30*$B30/(F$43*$B$43))*$F$5) -> 0 | G62: =IF(SUM(G30:G58)=0, "", (G30*$B30/(G$43*$B$43))*$F$5) -> 0 | H62: =IF(SUM(H30:H58)=0, "", (H30*$B30/(H$43*$B$43))*$F$5) -> 0 | I62: =IF(SUM(I30:I58)=0, "", (I30*$B30/(I$43*$B$43))*$F$5) -> 0 | J62: =IF(SUM(J30:J58)=0, "", (J30*$B30/(J$43*$B$43))*$F$5) -> 0 | K62: =IF(SUM(K30:K58)=0, "", (K30*$B30/(K$43*$B$43))*$F$5) -> 0 | ... AB62: =IF(SUM(AB30:AB58)=0, "", (AB30*$B30/(AB$43*$B$43))*$F$5) | AC62: =(12.011*$AD62/$B30)*$C62 -> 1.0743658e-05 | AD62: 5
A63: =IF(A31="", "", CONCATENATE(A31, " [g/h]")) -> C6 [g/h] | C63: =IFERROR(AVERAGE(D63:AB63), "") -> 7.4577656e-06 | D63: =IF(SUM(D31:D59)=0, "", (D31*$B31/(D$43*$B$43))*$F$5) -> 2.4341842e-05 | E63: =IF(SUM(E31:E59)=0, "", (E31*$B31/(E$43*$B$43))*$F$5) -> 0 | F63: =IF(SUM(F31:F59)=0, "", (F31*$B31/(F$43*$B$43))*$F$5) -> 0 | G63: =IF(SUM(G31:G59)=0, "", (G31*$B31/(G$43*$B$43))*$F$5) -> 0 | H63: =IF(SUM(H31:H59)=0, "", (H31*$B31/(H$43*$B$43))*$F$5) -> 6.5151345e-05 | I63: =IF(SUM(I31:I59)=0, "", (I31*$B31/(I$43*$B$43))*$F$5) -> 0 | J63: =IF(SUM(J31:J59)=0, "", (J31*$B31/(J$43*$B$43))*$F$5) -> 0 | K63: =IF(SUM(K31:K59)=0, "", (K31*$B31/(K$43*$B$43))*$F$5) -> 0 | ... AB63: =IF(SUM(AB31:AB59)=0, "", (AB31*$B31/(AB$43*$B$43))*$F$5) | AC63: =(12.011*$AD63/$B31)*$C63 -> 6.2363812e-06 | AD63: 6
... A80: =IF(A48="", "", CONCATENATE(A48, " [g/h]")) -> N2 [g/h] | C80: =IFERROR(AVERAGE(D80:AB80), "") -> 2.2187444 | D80: =IF(SUM(D48:D76)=0, "", (D48*$B48/(D$43*$B$43))*$F$5) -> 2.141355 | E80: =IF(SUM(E48:E76)=0, "", (E48*$B48/(E$43*$B$43))*$F$5) -> 2.186298 | F80: =IF(SUM(F48:F76)=0, "", (F48*$B48/(F$43*$B$43))*$F$5) -> 2.186353 | G80: =IF(SUM(G48:G76)=0, "", (G48*$B48/(G$43*$B$43))*$F$5) -> 2.1844802 | H80: =IF(SUM(H48:H76)=0, "", (H48*$B48/(H$43*$B$43))*$F$5) -> 2.4715792 | I80: =IF(SUM(I48:I76)=0, "", (I48*$B48/(I$43*$B$43))*$F$5) -> 2.1806388 | J80: =IF(SUM(J48:J76)=0, "", (J48*$B48/(J$43*$B$43))*$F$5) -> 2.1930548 | K80: =IF(SUM(K48:K76)=0, "", (K48*$B48/(K$43*$B$43))*$F$5) -> 2.2076907 | ... AB80: =IF(SUM(AB48:AB76)=0, "", (AB48*$B48/(AB$43*$B$43))*$F$5) | AC80: =(12.011*$AD80/$B48)*$C80 -> 0 | AD80: 0
A81: =IF(A49="", "", CONCATENATE(A49, " [g/h]")) | C81: =IFERROR(AVERAGE(D81:AB81), "") -> 0 | D81: =IF(SUM(D49:D77)=0, "", (D49*$B49/(D$43*$B$43))*$F$5) -> 0 | E81: =IF(SUM(E49:E77)=0, "", (E49*$B49/(E$43*$B$43))*$F$5) -> 0 | F81: =IF(SUM(F49:F77)=0, "", (F49*$B49/(F$43*$B$43))*$F$5) -> 0 | G81: =IF(SUM(G49:G77)=0, "", (G49*$B49/(G$43*$B$43))*$F$5) -> 0 | H81: =IF(SUM(H49:H77)=0, "", (H49*$B49/(H$43*$B$43))*$F$5) -> 0 | I81: =IF(SUM(I49:I77)=0, "", (I49*$B49/(I$43*$B$43))*$F$5) -> 0 | J81: =IF(SUM(J49:J77)=0, "", (J49*$B49/(J$43*$B$43))*$F$5) -> 0 | K81: =IF(SUM(K49:K77)=0, "", (K49*$B49/(K$43*$B$43))*$F$5) -> 0 | ... AB81: =IF(SUM(AB49:AB77)=0, "", (AB49*$B49/(AB$43*$B$43))*$F$5)
A82: Flow Rate of HC Gases [g/h] | C82: =IFERROR(AVERAGE(D82:AB82), "") -> 0.41297841 | D82: =IF(SUM(D52:D81)=0,"",SUM(D52:D73,D78,D79)) -> 0.40232531 | E82: =IF(SUM(E52:E81)=0,"",SUM(E52:E73,E78,E79)) -> 0.4127953 | F82: =IF(SUM(F52:F81)=0,"",SUM(F52:F73,F78,F79)) -> 0.4142966 | G82: =IF(SUM(G52:G81)=0,"",SUM(G52:G73,G78,G79)) -> 0.42169059 | H82: =IF(SUM(H52:H81)=0,"",SUM(H52:H73,H78,H79)) -> 0.46840945 | I82: =IF(SUM(I52:I81)=0,"",SUM(I52:I73,I78,I79)) -> 0.43216261 | J82: =IF(SUM(J52:J81)=0,"",SUM(J52:J73,J78,J79)) -> 0.42148269 | K82: =IF(SUM(K52:K81)=0,"",SUM(K52:K73,K78,K79)) -> 0.40691937 | ... AB82: =IF(SUM(AB52:AB81)=0,"",SUM(AB52:AB73,AB78,AB79))
A83: Flow Rate of COx Gases [g/h] | C83: =IFERROR(AVERAGE(D83:AB83), "") -> 0 | D83: =IFERROR(D74+D76,"") -> 0 | E83: =IFERROR(E74+E76,"") -> 0 | F83: =IFERROR(F74+F76,"") -> 0 | G83: =IFERROR(G74+G76,"") -> 0 | H83: =IFERROR(H74+H76,"") -> 0 | I83: =IFERROR(I74+I76,"") -> 0 | J83: =IFERROR(J74+J76,"") -> 0 | K83: =IFERROR(K74+K76,"") -> 0 | ... AB83: =IFERROR(AB74+AB76,"")
A84: Flow Rate of HC & COx Gases [g/h] | C84: =IFERROR(AVERAGE(D84:AB84), "") -> 0.41297841 | D84: =IF(SUM(D82:D83)=0,"",SUM(D82:D83)) -> 0.40232531 | E84: =IF(SUM(E82:E83)=0,"",SUM(E82:E83)) -> 0.4127953 | F84: =IF(SUM(F82:F83)=0,"",SUM(F82:F83)) -> 0.4142966 | G84: =IF(SUM(G82:G83)=0,"",SUM(G82:G83)) -> 0.42169059 | H84: =IF(SUM(H82:H83)=0,"",SUM(H82:H83)) -> 0.46840945 | I84: =IF(SUM(I82:I83)=0,"",SUM(I82:I83)) -> 0.43216261 | J84: =IF(SUM(J82:J83)=0,"",SUM(J82:J83)) -> 0.42148269 | K84: =IF(SUM(K82:K83)=0,"",SUM(K82:K83)) -> 0.40691937 | ... AB84: =IF(SUM(AB82:AB83)=0,"",SUM(AB82:AB83))
A86: Total Volumetric Flow rate out [NL/h] | C86: =IFERROR(AVERAGE(D86:AB86), "") -> 159.70411 | D86: =IF(D$75="","",D$75/Gas!$I$35*Gas!$B$11) -> 159.70411 | E86: =IF(E$75="","",E$75/Gas!$I$35*Gas!$B$11) -> 159.70411 | F86: =IF(F$75="","",F$75/Gas!$I$35*Gas!$B$11) -> 159.70411 | G86: =IF(G$75="","",G$75/Gas!$I$35*Gas!$B$11) -> 159.70411 | H86: =IF(H$75="","",H$75/Gas!$I$35*Gas!$B$11) -> 159.70411 | I86: =IF(I$75="","",I$75/Gas!$I$35*Gas!$B$11) -> 159.70411 | J86: =IF(J$75="","",J$75/Gas!$I$35*Gas!$B$11) -> 159.70411 | K86: =IF(K$75="","",K$75/Gas!$I$35*Gas!$B$11) -> 159.70411 | ... AB86: =IF(AB$75="","",AB$75/Gas!$I$35*Gas!$B$11)
A87: Volumetric Flow Rates of Each Molecule | C87: Avg Flow Rate
A88: =IF(A20="", "", CONCATENATE(A20, " [Nl/h]")) -> Methane [Nl/h] | C88: =IFERROR(AVERAGE(D88:AB88), "") -> 4.1449849 | D88: =IF(D$86="","",D20/100*D$86) -> 4.1420889 | E88: =IF(E$86="","",E20/100*E$86) -> 4.1406691 | F88: =IF(F$86="","",F20/100*F$86) -> 4.153602 | G88: =IF(G$86="","",G20/100*G$86) -> 4.2229854 | H88: =IF(H$86="","",H20/100*H$86) -> 3.7988624 | I88: =IF(I$86="","",I20/100*I$86) -> 4.2139861 | J88: =IF(J$86="","",J20/100*J$86) -> 4.1962398 | K88: =IF(K$86="","",K20/100*K$86) -> 4.1965464 | ... AB88: =IF(AB$86="","",AB20/100*AB$86)
A89: =IF(A21="", "", CONCATENATE(A21, " [Nl/h]")) -> Ethane [Nl/h] | C89: =IFERROR(AVERAGE(D89:AB89), "") -> 0.019021291 | D89: =IF(D$86="","",D21/100*D$86) -> 0.0048118847 | E89: =IF(E$86="","",E21/100*E$86) -> 0.0034048916 | F89: =IF(F$86="","",F21/100*F$86) -> 0.0042050091 | G89: =IF(G$86="","",G21/100*G$86) -> 0.0040884251 | H89: =IF(H$86="","",H21/100*H$86) -> 0.18620062 | I89: =IF(I$86="","",I21/100*I$86) -> 0.0041283512 | J89: =IF(J$86="","",J21/100*J$86) -> 0.0030806922 | K89: =IF(K$86="","",K21/100*K$86) -> 0.0063226856 | ... AB89: =IF(AB$86="","",AB21/100*AB$86)
A90: =IF(A22="", "", CONCATENATE(A22, " [Nl/h]")) -> Ethylene [Nl/h] | C90: =IFERROR(AVERAGE(D90:AB90), "") -> 2.838508 | D90: =IF(D$86="","",D22/100*D$86) -> 2.6111238 | E90: =IF(E$86="","",E22/100*E$86) -> 2.6056843 | F90: =IF(F$86="","",F22/100*F$86) -> 2.6254796 | G90: =IF(G$86="","",G22/100*G$86) -> 2.668365 | H90: =IF(H$86="","",H22/100*H$86) -> 5.0733268 | I90: =IF(I$86="","",I22/100*I$86) -> 2.6734899 | J90: =IF(J$86="","",J22/100*J$86) -> 2.6422821 | K90: =IF(K$86="","",K22/100*K$86) -> 2.6557068 | ... AB90: =IF(AB$86="","",AB22/100*AB$86)
A91: =IF(A23="", "", CONCATENATE(A23, " [Nl/h]")) -> Propane [Nl/h] | C91: =IFERROR(AVERAGE(D91:AB91), "") -> 0.00042601071 | D91: =IF(D$86="","",D23/100*D$86) -> 0 | E91: =IF(E$86="","",E23/100*E$86) -> 0 | F91: =IF(F$86="","",F23/100*F$86) -> 0 | G91: =IF(G$86="","",G23/100*G$86) -> 0 | H91: =IF(H$86="","",H23/100*H$86) -> 0.0051121285 | I91: =IF(I$86="","",I23/100*I$86) -> 0 | J91: =IF(J$86="","",J23/100*J$86) -> 0 | K91: =IF(K$86="","",K23/100*K$86) -> 0 | ... AB91: =IF(AB$86="","",AB23/100*AB$86)
A92: =IF(A24="", "", CONCATENATE(A24, " [Nl/h]")) -> Propylene [Nl/h] | C92: =IFERROR(AVERAGE(D92:AB92), "") -> 0.0010874519 | D92: =IF(D$86="","",D24/100*D$86) -> 0.00054778509 | E92: =IF(E$86="","",E24/100*E$86) -> 0 | F92: =IF(F$86="","",F24/100*F$86) -> 0 | G92: =IF(G$86="","",G24/100*G$86) -> 0 | H92: =IF(H$86="","",H24/100*H$86) -> 0.012501638 | I92: =IF(I$86="","",I24/100*I$86) -> 0 | J92: =IF(J$86="","",J24/100*J$86) -> 0 | K92: =IF(K$86="","",K24/100*K$86) -> 0 | ... AB92: =IF(AB$86="","",AB24/100*AB$86)
A93: =IF(A25="", "", CONCATENATE(A25, " [Nl/h]")) -> Butane [Nl/h] | C93: =IFERROR(AVERAGE(D93:AB93), "") -> 0.00057426935 | D93: =IF(D$86="","",D25/100*D$86) -> 0.00037051353 | E93: =IF(E$86="","",E25/100*E$86) -> 0 | F93: =IF(F$86="","",F25/100*F$86) -> 0 | G93: =IF(G$86="","",G25/100*G$86) -> 0 | H93: =IF(H$86="","",H25/100*H$86) -> 0.005287803 | I93: =IF(I$86="","",I25/100*I$86) -> 0 | J93: =IF(J$86="","",J25/100*J$86) -> 0 | K93: =IF(K$86="","",K25/100*K$86) -> 0 | ... AB93: =IF(AB$86="","",AB25/100*AB$86)
A94: =IF(A26="", "", CONCATENATE(A26, " [Nl/h]")) -> Pentane [Nl/h] | C94: =IFERROR(AVERAGE(D94:AB94), "") -> 0 | D94: =IF(D$86="","",D26/100*D$86) -> 0 | E94: =IF(E$86="","",E26/100*E$86) -> 0 | F94: =IF(F$86="","",F26/100*F$86) -> 0 | G94: =IF(G$86="","",G26/100*G$86) -> 0 | H94: =IF(H$86="","",H26/100*H$86) -> 0 | I94: =IF(I$86="","",I26/100*I$86) -> 0 | J94: =IF(J$86="","",J26/100*J$86) -> 0 | K94: =IF(K$86="","",K26/100*K$86) -> 0 | ... AB94: =IF(AB$86="","",AB26/100*AB$86)
A95: =IF(A27="", "", CONCATENATE(A27, " [Nl/h]")) -> C6s (Isomers of hexane?) [Nl/h] | C95: =IFERROR(AVERAGE(D95:AB95), "") -> 0 | D95: =IF(D$86="","",D27/100*D$86) -> 0 | E95: =IF(E$86="","",E27/100*E$86) -> 0 | F95: =IF(F$86="","",F27/100*F$86) -> 0 | G95: =IF(G$86="","",G27/100*G$86) -> 0 | H95: =IF(H$86="","",H27/100*H$86) -> 0 | I95: =IF(I$86="","",I27/100*I$86) -> 0 | J95: =IF(J$86="","",J27/100*J$86) -> 0 | K95: =IF(K$86="","",K27/100*K$86) -> 0 | ... AB95: =IF(AB$86="","",AB27/100*AB$86)
A96: =IF(A28="", "", CONCATENATE(A28, " [Nl/h]")) -> Hexane [Nl/h] | C96: =IFERROR(AVERAGE(D96:AB96), "") -> 0 | D96: =IF(D$86="","",D28/100*D$86) -> 0 | E96: =IF(E$86="","",E28/100*E$86) -> 0 | F96: =IF(F$86="","",F28/100*F$86) -> 0 | G96: =IF(G$86="","",G28/100*G$86) -> 0 | H96: =IF(H$86="","",H28/100*H$86) -> 0 | I96: =IF(I$86="","",I28/100*I$86) -> 0 | J96: =IF(J$86="","",J28/100*J$86) -> 0 | K96: =IF(K$86="","",K28/100*K$86) -> 0 | ... AB96: =IF(AB$86="","",AB28/100*AB$86)
A97: =IF(A29="", "", CONCATENATE(A29, " [Nl/h]")) -> C4 [Nl/h] | C97: =IFERROR(AVERAGE(D97:AB97), "") -> 0.073177753 | D97: =IF(D$86="","",D29/100*D$86) -> 0.0065574506 | E97: =IF(E$86="","",E29/100*E$86) -> 0.016781708 | F97: =IF(F$86="","",F29/100*F$86) -> 0.027103384 | G97: =IF(G$86="","",G29/100*G$86) -> 0.027708663 | H97: =IF(H$86="","",H29/100*H$86) -> 0.70092056 | I97: =IF(I$86="","",I29/100*I$86) -> 0.035938215 | J97: =IF(J$86="","",J29/100*J$86) -> 0.016903083 | K97: =IF(K$86="","",K29/100*K$86) -> 0.012886524 | ... AB97: =IF(AB$86="","",AB29/100*AB$86)
A98: =IF(A30="", "", CONCATENATE(A30, " [Nl/h]")) -> C5 [Nl/h] | C98: =IFERROR(AVERAGE(D98:AB98), "") -> 0.00021848714 | D98: =IF(D$86="","",D30/100*D$86) -> 0.0026218457 | E98: =IF(E$86="","",E30/100*E$86) -> 0 | F98: =IF(F$86="","",F30/100*F$86) -> 0 | G98: =IF(G$86="","",G30/100*G$86) -> 0 | H98: =IF(H$86="","",H30/100*H$86) -> 0 | I98: =IF(I$86="","",I30/100*I$86) -> 0 | J98: =IF(J$86="","",J30/100*J$86) -> 0 | K98: =IF(K$86="","",K30/100*K$86) -> 0 | ... AB98: =IF(AB$86="","",AB30/100*AB$86)
A99: =IF(A31="", "", CONCATENATE(A31, " [Nl/h]")) -> C6 [Nl/h] | C99: =IFERROR(AVERAGE(D99:AB99), "") -> 0.0001004805 | D99: =IF(D$86="","",D31/100*D$86) -> 0.00034496087 | E99: =IF(E$86="","",E31/100*E$86) -> 0 | F99: =IF(F$86="","",F31/100*F$86) -> 0 | G99: =IF(G$86="","",G31/100*G$86) -> 0 | H99: =IF(H$86="","",H31/100*H$86) -> 0.00086080514 | I99: =IF(I$86="","",I31/100*I$86) -> 0 | J99: =IF(J$86="","",J31/100*J$86) -> 0 | K99: =IF(K$86="","",K31/100*K$86) -> 0 | ... AB99: =IF(AB$86="","",AB31/100*AB$86)
... A116: =IF(A48="", "", CONCATENATE(A48, " [Nl/h]")) -> N2 [Nl/h] | C116: =IFERROR(AVERAGE(D116:AB116), "") -> 94.665958 | D116: =IF(D$86="","",D48/100*D$86) -> 93.356753 | E116: =IF(E$86="","",E48/100*E$86) -> 93.62969 | F116: =IF(F$86="","",F48/100*F$86) -> 93.898271 | G116: =IF(G$86="","",G48/100*G$86) -> 93.814663 | H116: =IF(H$86="","",H48/100*H$86) -> 100.46081 | I116: =IF(I$86="","",I48/100*I$86) -> 93.803902 | J116: =IF(J$86="","",J48/100*J$86) -> 93.479273 | K116: =IF(K$86="","",K48/100*K$86) -> 94.134277 | ... AB116: =IF(AB$86="","",AB48/100*AB$86)
A117: =IF(A49="", "", CONCATENATE(A49, " [Nl/h]")) | C117: =IFERROR(AVERAGE(D117:AB117), "")
A118: =IF(A50="", "", CONCATENATE(A50, " [Nl/h]")) | C118: =IFERROR(AVERAGE(D118:AB118), "")
A120: TOS Carbon of Each Molecule | C120: Avg C' [g/h] | D120: TOS [min] ⇒ | E120: =E$17 | F120: =F$17 | G120: =G$17 | H120: =H$17 | I120: =I$17 | J120: =J$17 | K120: =K$17 | L120: =L$17 | ... AB120: =AB$17
A121: Methane | C121: =IFERROR(AVERAGE(D121:AB121), "") -> 0.041625708 | D121: =IFERROR((12.011*$AD52/$B20)*D52,"") -> 0.040735748 | E121: =IFERROR((12.011*$AD52/$B20)*E52,"") -> 0.041455261 | F121: =IFERROR((12.011*$AD52/$B20)*F52,"") -> 0.041466838 | G121: =IFERROR((12.011*$AD52/$B20)*G52,"") -> 0.042160943 | H121: =IFERROR((12.011*$AD52/$B20)*H52,"") -> 0.040072347 | I121: =IFERROR((12.011*$AD52/$B20)*I52,"") -> 0.042001933 | J121: =IFERROR((12.011*$AD52/$B20)*J52,"") -> 0.042209266 | K121: =IFERROR((12.011*$AD52/$B20)*K52,"") -> 0.042198384 | ... AB121: =IFERROR((12.011*$AD52/$B20)*AB52,"")
A122: Ethane | C122: =IFERROR(AVERAGE(D122:AB122), "") -> 0.00039742089 | D122: =IFERROR((12.011*$AD53/$B21)*D53,"") -> 9.4645831e-05 | E122: =IFERROR((12.011*$AD53/$B21)*E53,"") -> 6.8177708e-05 | F122: =IFERROR((12.011*$AD53/$B21)*F53,"") -> 8.3960106e-05 | G122: =IFERROR((12.011*$AD53/$B21)*G53,"") -> 8.1635071e-05 | H122: =IFERROR((12.011*$AD53/$B21)*H53,"") -> 0.003928279 | I122: =IFERROR((12.011*$AD53/$B21)*I53,"") -> 8.2296773e-05 | J122: =IFERROR((12.011*$AD53/$B21)*J53,"") -> 6.1976323e-05 | K122: =IFERROR((12.011*$AD53/$B21)*K53,"") -> 0.00012715556 | ... AB122: =IFERROR((12.011*$AD53/$B21)*AB53,"")
A123: Ethylene | C123: =IFERROR(AVERAGE(D123:AB123), "") -> 0.057236634 | D123: =IFERROR((12.011*$AD54/$B22)*D54,"") -> 0.051358667 | E123: =IFERROR((12.011*$AD54/$B22)*E54,"") -> 0.052174814 | F123: =IFERROR((12.011*$AD54/$B22)*F54,"") -> 0.052422133 | G123: =IFERROR((12.011*$AD54/$B22)*G54,"") -> 0.053280213 | H123: =IFERROR((12.011*$AD54/$B22)*H54,"") -> 0.1070321 | I123: =IFERROR((12.011*$AD54/$B22)*I54,"") -> 0.053294785 | J123: =IFERROR((12.011*$AD54/$B22)*J54,"") -> 0.053156537 | K123: =IFERROR((12.011*$AD54/$B22)*K54,"") -> 0.053408934 | ... AB123: =IFERROR((12.011*$AD54/$B22)*AB54,"")
A124: Propane | C124: =IFERROR(AVERAGE(D124:AB124), "") -> 1.3481338e-05 | D124: =IFERROR((12.011*$AD55/$B23)*D55,"") -> 0 | E124: =IFERROR((12.011*$AD55/$B23)*E55,"") -> 0 | F124: =IFERROR((12.011*$AD55/$B23)*F55,"") -> 0 | G124: =IFERROR((12.011*$AD55/$B23)*G55,"") -> 0 | H124: =IFERROR((12.011*$AD55/$B23)*H55,"") -> 0.00016177605 | I124: =IFERROR((12.011*$AD55/$B23)*I55,"") -> 0 | J124: =IFERROR((12.011*$AD55/$B23)*J55,"") -> 0 | K124: =IFERROR((12.011*$AD55/$B23)*K55,"") -> 0 | ... AB124: =IFERROR((12.011*$AD55/$B23)*AB55,"")
A125: Propylene | C125: =IFERROR(AVERAGE(D125:AB125), "") -> 3.431523e-05 | D125: =IFERROR((12.011*$AD56/$B24)*D56,"") -> 1.6161726e-05 | E125: =IFERROR((12.011*$AD56/$B24)*E56,"") -> 0 | F125: =IFERROR((12.011*$AD56/$B24)*F56,"") -> 0 | G125: =IFERROR((12.011*$AD56/$B24)*G56,"") -> 0 | H125: =IFERROR((12.011*$AD56/$B24)*H56,"") -> 0.00039562103 | I125: =IFERROR((12.011*$AD56/$B24)*I56,"") -> 0 | J125: =IFERROR((12.011*$AD56/$B24)*J56,"") -> 0 | K125: =IFERROR((12.011*$AD56/$B24)*K56,"") -> 0 | ... AB125: =IFERROR((12.011*$AD56/$B24)*AB56,"")
A126: Butane | C126: =IFERROR(AVERAGE(D126:AB126), "") -> 2.3923207e-05 | D126: =IFERROR((12.011*$AD57/$B25)*D57,"") -> 1.4575395e-05 | E126: =IFERROR((12.011*$AD57/$B25)*E57,"") -> 0 | F126: =IFERROR((12.011*$AD57/$B25)*F57,"") -> 0 | G126: =IFERROR((12.011*$AD57/$B25)*G57,"") -> 0 | H126: =IFERROR((12.011*$AD57/$B25)*H57,"") -> 0.00022311382 | I126: =IFERROR((12.011*$AD57/$B25)*I57,"") -> 0 | J126: =IFERROR((12.011*$AD57/$B25)*J57,"") -> 0 | K126: =IFERROR((12.011*$AD57/$B25)*K57,"") -> 0 | ... AB126: =IFERROR((12.011*$AD57/$B25)*AB57,"")
